race,sex,hispanic,age,weight,num
American Indian or Alaska Native,Female,FALSE,18,7.762927618155371e-5,14
American Indian or Alaska Native,Female,FALSE,19,7.93877607547554e-5,9
American Indian or Alaska Native,Female,FALSE,20,9.499516362119019e-5,11
American Indian or Alaska Native,Female,FALSE,21,8.619654236049293e-5,14
American Indian or Alaska Native,Female,FALSE,22,3.527676873228229e-5,7
American Indian or Alaska Native,Female,FALSE,23,6.796791586011445e-5,9
American Indian or Alaska Native,Female,FALSE,24,4.867107351506149e-5,9
American Indian or Alaska Native,Female,FALSE,25,9.708580466977586e-5,13
American Indian or Alaska Native,Female,FALSE,26,5.982043596147162e-5,9
American Indian or Alaska Native,Female,FALSE,27,8.316138218124033e-5,8
American Indian or Alaska Native,Female,FALSE,28,5.641193872212155e-5,8
American Indian or Alaska Native,Female,FALSE,29,9.851275260706245e-5,9
American Indian or Alaska Native,Female,FALSE,30,8.623288044935581e-5,14
American Indian or Alaska Native,Female,FALSE,31,9.434158164122705e-5,14
American Indian or Alaska Native,Female,FALSE,32,1.0042143203156618e-4,15
American Indian or Alaska Native,Female,FALSE,33,4.7231108948928535e-5,9
American Indian or Alaska Native,Female,FALSE,34,9.842055148606712e-5,13
American Indian or Alaska Native,Female,FALSE,35,5.106365386492352e-5,8
American Indian or Alaska Native,Female,FALSE,36,3.529462785697929e-5,10
American Indian or Alaska Native,Female,FALSE,37,6.726459176277401e-5,12
American Indian or Alaska Native,Female,FALSE,38,8.38071774278757e-5,15
American Indian or Alaska Native,Female,FALSE,39,1.277690980580841e-4,15
American Indian or Alaska Native,Female,FALSE,40,9.04945092376803e-5,9
American Indian or Alaska Native,Female,FALSE,41,8.237840871214932e-5,12
American Indian or Alaska Native,Female,FALSE,42,6.66884509764536e-5,14
American Indian or Alaska Native,Female,FALSE,43,6.99457461253647e-5,13
American Indian or Alaska Native,Female,FALSE,44,5.1827102390744934e-5,8
American Indian or Alaska Native,Female,FALSE,45,6.065090462986527e-5,10
American Indian or Alaska Native,Female,FALSE,46,7.745215705332235e-5,9
American Indian or Alaska Native,Female,FALSE,47,4.593378494057071e-5,11
American Indian or Alaska Native,Female,FALSE,48,1.9952283843422695e-5,3
American Indian or Alaska Native,Female,FALSE,49,4.777912451934869e-5,9
American Indian or Alaska Native,Female,FALSE,50,2.6421548380083293e-5,9
American Indian or Alaska Native,Female,FALSE,51,7.024295915069083e-5,14
American Indian or Alaska Native,Female,FALSE,52,8.106128858075427e-5,14
American Indian or Alaska Native,Female,FALSE,53,6.0966441659490046e-5,9
American Indian or Alaska Native,Female,FALSE,54,4.593959593559143e-5,9
American Indian or Alaska Native,Female,FALSE,55,2.380694928046319e-5,8
American Indian or Alaska Native,Female,FALSE,56,9.421792366718626e-5,14
American Indian or Alaska Native,Female,FALSE,57,8.798954424411767e-5,13
American Indian or Alaska Native,Female,FALSE,58,7.377461074451323e-5,13
American Indian or Alaska Native,Female,FALSE,59,3.1650979019124325e-5,10
American Indian or Alaska Native,Female,FALSE,60,2.1823075580391393e-5,5
American Indian or Alaska Native,Female,FALSE,61,4.771810907163118e-5,9
American Indian or Alaska Native,Female,FALSE,62,9.588017816284493e-5,14
American Indian or Alaska Native,Female,FALSE,63,8.196710648458318e-5,16
American Indian or Alaska Native,Female,FALSE,64,9.227891084867437e-5,17
American Indian or Alaska Native,Female,FALSE,65,4.5088750044658475e-5,15
American Indian or Alaska Native,Female,FALSE,66,6.361307871165768e-5,10
American Indian or Alaska Native,Female,FALSE,67,5.0966261588376346e-5,11
American Indian or Alaska Native,Female,FALSE,68,6.0058493057486874e-5,14
American Indian or Alaska Native,Female,FALSE,69,4.8057393700907274e-5,6
American Indian or Alaska Native,Female,FALSE,70,4.944548545148866e-5,8
American Indian or Alaska Native,Female,FALSE,71,3.439938596408807e-5,7
American Indian or Alaska Native,Female,FALSE,72,4.4273583663152695e-5,6
American Indian or Alaska Native,Female,FALSE,73,8.697006327768356e-5,9
American Indian or Alaska Native,Female,FALSE,74,3.082058783066428e-5,7
American Indian or Alaska Native,Female,FALSE,75,1.912929198862236e-5,3
American Indian or Alaska Native,Female,FALSE,76,1.1930398917160902e-5,3
American Indian or Alaska Native,Female,FALSE,77,1.8418181157954176e-5,2
American Indian or Alaska Native,Female,FALSE,78,1.1855901960995349e-5,6
American Indian or Alaska Native,Female,FALSE,79,1.663106774928376e-5,2
American Indian or Alaska Native,Female,FALSE,80,6.777289886721928e-5,13
American Indian or Alaska Native,Female,FALSE,85,3.146742905640337e-5,10
American Indian or Alaska Native,Female,TRUE,18,4.868370274423985e-5,6
American Indian or Alaska Native,Female,TRUE,19,7.29069904479538e-5,8
American Indian or Alaska Native,Female,TRUE,20,2.3117687791072887e-5,2
American Indian or Alaska Native,Female,TRUE,21,5.6615943387315416e-5,4
American Indian or Alaska Native,Female,TRUE,22,3.729446242337465e-5,2
American Indian or Alaska Native,Female,TRUE,23,6.223924326886046e-6,1
American Indian or Alaska Native,Female,TRUE,24,1.5716339653089752e-5,2
American Indian or Alaska Native,Female,TRUE,25,1.1120175755419416e-4,7
American Indian or Alaska Native,Female,TRUE,26,2.5236260355724837e-5,5
American Indian or Alaska Native,Female,TRUE,27,2.7714456032225372e-5,3
American Indian or Alaska Native,Female,TRUE,28,6.724320730109779e-5,4
American Indian or Alaska Native,Female,TRUE,29,4.5821555256737325e-5,5
American Indian or Alaska Native,Female,TRUE,30,4.186779298461025e-5,5
American Indian or Alaska Native,Female,TRUE,31,4.1833895513656086e-5,3
American Indian or Alaska Native,Female,TRUE,32,4.8458739757004604e-5,5
American Indian or Alaska Native,Female,TRUE,33,2.4743410498034666e-5,3
American Indian or Alaska Native,Female,TRUE,34,7.704953257832046e-5,6
American Indian or Alaska Native,Female,TRUE,35,7.078237444848031e-5,7
American Indian or Alaska Native,Female,TRUE,36,4.216492853000277e-5,4
American Indian or Alaska Native,Female,TRUE,37,5.0288699568961086e-5,4
American Indian or Alaska Native,Female,TRUE,38,2.4014401802702683e-5,2
American Indian or Alaska Native,Female,TRUE,39,5.6013188243800146e-5,4
American Indian or Alaska Native,Female,TRUE,40,6.835585788769731e-5,6
American Indian or Alaska Native,Female,TRUE,41,4.4921470867995506e-5,4
American Indian or Alaska Native,Female,TRUE,42,5.56213722195368e-5,4
American Indian or Alaska Native,Female,TRUE,43,5.2719981145661056e-5,6
American Indian or Alaska Native,Female,TRUE,44,3.991986997373327e-5,4
American Indian or Alaska Native,Female,TRUE,45,1.61057150594444e-5,2
American Indian or Alaska Native,Female,TRUE,46,4.896789914071957e-5,4
American Indian or Alaska Native,Female,TRUE,47,6.23787846292912e-5,7
American Indian or Alaska Native,Female,TRUE,48,2.4061935741972124e-5,2
American Indian or Alaska Native,Female,TRUE,49,2.9594003001691948e-5,2
American Indian or Alaska Native,Female,TRUE,50,7.269725226767281e-5,4
American Indian or Alaska Native,Female,TRUE,51,4.635074320329035e-5,3
American Indian or Alaska Native,Female,TRUE,52,1.2586925134601182e-5,1
American Indian or Alaska Native,Female,TRUE,53,3.7200982883474753e-5,4
American Indian or Alaska Native,Female,TRUE,54,3.0815086755378e-5,3
American Indian or Alaska Native,Female,TRUE,55,9.665892897555423e-6,1
American Indian or Alaska Native,Female,TRUE,56,1.4650060806755517e-5,2
American Indian or Alaska Native,Female,TRUE,57,1.1008039047506356e-5,2
American Indian or Alaska Native,Female,TRUE,58,1.9331785795110847e-5,2
American Indian or Alaska Native,Female,TRUE,60,3.465038220901612e-5,5
American Indian or Alaska Native,Female,TRUE,61,1.2639262829754414e-5,1
American Indian or Alaska Native,Female,TRUE,62,1.776355319888733e-5,2
American Indian or Alaska Native,Female,TRUE,63,1.4357883977114011e-5,1
American Indian or Alaska Native,Female,TRUE,64,2.431409418590431e-5,4
American Indian or Alaska Native,Female,TRUE,66,1.779931018824812e-5,2
American Indian or Alaska Native,Female,TRUE,67,1.5626850329770754e-5,1
American Indian or Alaska Native,Female,TRUE,68,9.470914644627061e-6,1
American Indian or Alaska Native,Female,TRUE,69,1.962345900518389e-5,1
American Indian or Alaska Native,Female,TRUE,70,4.788147551164686e-5,4
American Indian or Alaska Native,Female,TRUE,71,1.7772347171352012e-5,1
American Indian or Alaska Native,Female,TRUE,72,1.9086949204904757e-5,2
American Indian or Alaska Native,Female,TRUE,73,1.38532571695152e-5,2
American Indian or Alaska Native,Female,TRUE,74,1.9770322219340736e-5,2
American Indian or Alaska Native,Female,TRUE,75,1.1081567504501792e-5,1
American Indian or Alaska Native,Female,TRUE,76,1.3620236269184566e-5,2
American Indian or Alaska Native,Female,TRUE,77,5.675017737229392e-6,1
American Indian or Alaska Native,Female,TRUE,78,1.2580378080211178e-5,1
American Indian or Alaska Native,Female,TRUE,80,2.2879979354758876e-5,3
American Indian or Alaska Native,Male,FALSE,18,4.092846500949523e-5,11
American Indian or Alaska Native,Male,FALSE,19,4.324759438229542e-5,8
American Indian or Alaska Native,Male,FALSE,20,5.9348040806254367e-5,9
American Indian or Alaska Native,Male,FALSE,21,8.015500579732369e-5,12
American Indian or Alaska Native,Male,FALSE,22,8.103684366170045e-5,11
American Indian or Alaska Native,Male,FALSE,23,6.927209684259672e-5,11
American Indian or Alaska Native,Male,FALSE,24,7.928327906428296e-5,7
American Indian or Alaska Native,Male,FALSE,25,9.715301851218215e-5,18
American Indian or Alaska Native,Male,FALSE,26,6.0548786077367915e-5,11
American Indian or Alaska Native,Male,FALSE,27,1.0995758478029247e-4,13
American Indian or Alaska Native,Male,FALSE,28,6.591551115876504e-5,10
American Indian or Alaska Native,Male,FALSE,29,3.661569946498843e-5,9
American Indian or Alaska Native,Male,FALSE,30,1.0880410226868072e-4,13
American Indian or Alaska Native,Male,FALSE,31,9.064822942596159e-5,12
American Indian or Alaska Native,Male,FALSE,32,5.438111218228239e-5,10
American Indian or Alaska Native,Male,FALSE,33,8.02575504894559e-5,12
American Indian or Alaska Native,Male,FALSE,34,3.6213384909721e-5,7
American Indian or Alaska Native,Male,FALSE,35,9.60679120419808e-5,10
American Indian or Alaska Native,Male,FALSE,36,1.0263840411190223e-4,13
American Indian or Alaska Native,Male,FALSE,37,7.98197113846285e-5,11
American Indian or Alaska Native,Male,FALSE,38,3.7313018867474125e-5,7
American Indian or Alaska Native,Male,FALSE,39,5.2121254958693485e-5,13
American Indian or Alaska Native,Male,FALSE,40,6.168998801950256e-5,13
American Indian or Alaska Native,Male,FALSE,41,3.285280900930842e-5,5
American Indian or Alaska Native,Male,FALSE,42,5.7576268424438634e-5,10
American Indian or Alaska Native,Male,FALSE,43,4.5360743351594695e-5,7
American Indian or Alaska Native,Male,FALSE,44,5.246003596840111e-5,9
American Indian or Alaska Native,Male,FALSE,45,8.390592560326103e-5,14
American Indian or Alaska Native,Male,FALSE,46,5.6345848338752636e-5,8
American Indian or Alaska Native,Male,FALSE,47,5.799570604503378e-5,12
American Indian or Alaska Native,Male,FALSE,48,2.626042885814229e-5,7
American Indian or Alaska Native,Male,FALSE,49,5.035281421402296e-5,7
American Indian or Alaska Native,Male,FALSE,50,5.313984490589105e-5,13
American Indian or Alaska Native,Male,FALSE,51,4.8860666912603995e-5,8
American Indian or Alaska Native,Male,FALSE,52,5.910208075701093e-5,6
American Indian or Alaska Native,Male,FALSE,53,5.97544617980031e-5,11
American Indian or Alaska Native,Male,FALSE,54,3.973573891151025e-5,8
American Indian or Alaska Native,Male,FALSE,55,5.731853142528656e-5,7
American Indian or Alaska Native,Male,FALSE,56,4.4441986298852984e-5,10
American Indian or Alaska Native,Male,FALSE,57,7.45222146239115e-5,11
American Indian or Alaska Native,Male,FALSE,58,1.6797843306378256e-5,5
American Indian or Alaska Native,Male,FALSE,59,7.825624380432196e-5,9
American Indian or Alaska Native,Male,FALSE,60,6.432845093867439e-5,11
American Indian or Alaska Native,Male,FALSE,61,3.677259633054771e-5,8
American Indian or Alaska Native,Male,FALSE,62,5.187483002984839e-5,9
American Indian or Alaska Native,Male,FALSE,63,9.812469435957914e-5,16
American Indian or Alaska Native,Male,FALSE,64,2.3794823670853297e-5,5
American Indian or Alaska Native,Male,FALSE,65,6.565637952080799e-5,12
American Indian or Alaska Native,Male,FALSE,66,3.099677719969233e-5,8
American Indian or Alaska Native,Male,FALSE,67,2.4305881312941705e-5,4
American Indian or Alaska Native,Male,FALSE,68,1.0419927611443285e-5,5
American Indian or Alaska Native,Male,FALSE,69,3.0939713228588924e-5,6
American Indian or Alaska Native,Male,FALSE,70,3.716522589411396e-5,5
American Indian or Alaska Native,Male,FALSE,71,3.883677798180577e-5,7
American Indian or Alaska Native,Male,FALSE,72,4.0804032236118325e-6,3
American Indian or Alaska Native,Male,FALSE,73,2.518051354349278e-5,4
American Indian or Alaska Native,Male,FALSE,74,3.473367313764635e-5,6
American Indian or Alaska Native,Male,FALSE,75,3.679893950797495e-5,7
American Indian or Alaska Native,Male,FALSE,76,3.793343943585237e-5,8
American Indian or Alaska Native,Male,FALSE,77,1.9301181221335085e-5,4
American Indian or Alaska Native,Male,FALSE,78,3.305720107417034e-6,4
American Indian or Alaska Native,Male,FALSE,79,7.051564977702953e-6,1
American Indian or Alaska Native,Male,FALSE,80,6.699170743660128e-5,13
American Indian or Alaska Native,Male,FALSE,85,1.6250215135626157e-5,5
American Indian or Alaska Native,Male,TRUE,18,6.431489195029274e-5,4
American Indian or Alaska Native,Male,TRUE,19,1.0194732184407211e-5,1
American Indian or Alaska Native,Male,TRUE,20,7.255898932614663e-5,6
American Indian or Alaska Native,Male,TRUE,21,1.0805328297203764e-4,9
American Indian or Alaska Native,Male,TRUE,22,3.164512928413681e-5,4
American Indian or Alaska Native,Male,TRUE,23,3.505653202099723e-5,2
American Indian or Alaska Native,Male,TRUE,24,3.7146979369748914e-5,4
American Indian or Alaska Native,Male,TRUE,25,4.6910187063917894e-5,4
American Indian or Alaska Native,Male,TRUE,26,5.595290885545194e-6,1
American Indian or Alaska Native,Male,TRUE,27,2.8554106072751756e-5,2
American Indian or Alaska Native,Male,TRUE,28,4.020100591283543e-5,3
American Indian or Alaska Native,Male,TRUE,29,4.851754702661422e-5,5
American Indian or Alaska Native,Male,TRUE,30,1.556513756265077e-5,1
American Indian or Alaska Native,Male,TRUE,31,5.0976798859347245e-5,4
American Indian or Alaska Native,Male,TRUE,32,5.410253308098935e-5,6
American Indian or Alaska Native,Male,TRUE,33,1.5319909698779954e-4,12
American Indian or Alaska Native,Male,TRUE,34,1.7487414715502994e-5,2
American Indian or Alaska Native,Male,TRUE,35,6.037213182873822e-5,5
American Indian or Alaska Native,Male,TRUE,36,3.103819022420662e-5,4
American Indian or Alaska Native,Male,TRUE,37,2.2400804705350788e-5,4
American Indian or Alaska Native,Male,TRUE,38,3.596486802266845e-5,4
American Indian or Alaska Native,Male,TRUE,39,2.7258951502535002e-5,1
American Indian or Alaska Native,Male,TRUE,40,3.98810525269949e-5,2
American Indian or Alaska Native,Male,TRUE,41,3.898406733559748e-5,4
American Indian or Alaska Native,Male,TRUE,42,6.693348126649373e-5,6
American Indian or Alaska Native,Male,TRUE,43,8.350055059061601e-5,9
American Indian or Alaska Native,Male,TRUE,44,8.825735363463898e-5,7
American Indian or Alaska Native,Male,TRUE,45,4.452306904937535e-6,2
American Indian or Alaska Native,Male,TRUE,46,5.767947169600652e-5,2
American Indian or Alaska Native,Male,TRUE,47,1.836599842266816e-5,2
American Indian or Alaska Native,Male,TRUE,48,2.556233465632051e-5,3
American Indian or Alaska Native,Male,TRUE,49,3.083391437924512e-5,2
American Indian or Alaska Native,Male,TRUE,50,3.2705558395483524e-5,4
American Indian or Alaska Native,Male,TRUE,51,1.669994741026262e-5,1
American Indian or Alaska Native,Male,TRUE,52,1.1386915922856916e-5,1
American Indian or Alaska Native,Male,TRUE,53,1.4666990172249198e-5,2
American Indian or Alaska Native,Male,TRUE,54,4.668731603489011e-5,4
American Indian or Alaska Native,Male,TRUE,55,4.73935068897741e-5,3
American Indian or Alaska Native,Male,TRUE,57,2.778674481028306e-5,3
American Indian or Alaska Native,Male,TRUE,58,1.3968663530626581e-5,1
American Indian or Alaska Native,Male,TRUE,59,2.8161437769218706e-5,3
American Indian or Alaska Native,Male,TRUE,60,3.425198039039596e-5,3
American Indian or Alaska Native,Male,TRUE,61,9.665892897555423e-6,1
American Indian or Alaska Native,Male,TRUE,62,9.742869211596482e-6,1
American Indian or Alaska Native,Male,TRUE,63,2.9449735365311023e-6,1
American Indian or Alaska Native,Male,TRUE,64,3.671746935778454e-5,3
American Indian or Alaska Native,Male,TRUE,65,1.2487983259381824e-5,2
American Indian or Alaska Native,Male,TRUE,67,3.897008220758096e-6,1
American Indian or Alaska Native,Male,TRUE,68,1.8151146566768958e-5,2
American Indian or Alaska Native,Male,TRUE,69,7.84763255557398e-6,1
American Indian or Alaska Native,Male,TRUE,70,3.937615453962846e-5,3
American Indian or Alaska Native,Male,TRUE,71,3.2332376295253263e-6,1
American Indian or Alaska Native,Male,TRUE,74,5.277557299802588e-5,3
American Indian or Alaska Native,Male,TRUE,75,1.962345900518389e-5,1
American Indian or Alaska Native,Male,TRUE,76,8.976708888098731e-6,1
American Indian or Alaska Native,Male,TRUE,77,1.4841474982737841e-5,1
American Indian or Alaska Native,Male,TRUE,78,1.29475554855867e-5,1
American Indian or Alaska Native,Male,TRUE,79,1.096046636827011e-5,1
American Indian or Alaska Native,Male,TRUE,80,2.4642454144541464e-5,4
American Indian or Alaska Native,Male,TRUE,85,2.073421133340999e-5,2
Asian,Female,FALSE,18,4.807121999505991e-4,58
Asian,Female,FALSE,19,3.9469304789810497e-4,50
Asian,Female,FALSE,20,4.8431284742530054e-4,48
Asian,Female,FALSE,21,5.695168718362555e-4,53
Asian,Female,FALSE,22,5.772241107521291e-4,55
Asian,Female,FALSE,23,6.26872903549409e-4,55
Asian,Female,FALSE,24,5.886000632643803e-4,57
Asian,Female,FALSE,25,5.513403505912295e-4,60
Asian,Female,FALSE,26,5.146908698751874e-4,59
Asian,Female,FALSE,27,5.638059421497983e-4,63
Asian,Female,FALSE,28,6.949365458674982e-4,77
Asian,Female,FALSE,29,7.251604219894687e-4,78
Asian,Female,FALSE,30,5.475570054330765e-4,70
Asian,Female,FALSE,31,7.422411832734222e-4,86
Asian,Female,FALSE,32,7.291529629683676e-4,87
Asian,Female,FALSE,33,6.247077655446578e-4,78
Asian,Female,FALSE,34,6.696202487403549e-4,78
Asian,Female,FALSE,35,6.828972876436162e-4,87
Asian,Female,FALSE,36,6.608556024305455e-4,78
Asian,Female,FALSE,37,6.747202491503009e-4,83
Asian,Female,FALSE,38,8.146757398261918e-4,97
Asian,Female,FALSE,39,6.510797267672309e-4,82
Asian,Female,FALSE,40,8.040159343402939e-4,100
Asian,Female,FALSE,41,6.991423503636572e-4,87
Asian,Female,FALSE,42,7.039914320086088e-4,84
Asian,Female,FALSE,43,5.209445852365464e-4,74
Asian,Female,FALSE,44,5.434433245779795e-4,66
Asian,Female,FALSE,45,5.300709853563786e-4,73
Asian,Female,FALSE,46,6.346453418294152e-4,80
Asian,Female,FALSE,47,6.920399585495063e-4,85
Asian,Female,FALSE,48,5.702764463653965e-4,75
Asian,Female,FALSE,49,6.365334503315456e-4,83
Asian,Female,FALSE,50,5.480086747060533e-4,62
Asian,Female,FALSE,51,6.515930700673612e-4,83
Asian,Female,FALSE,52,6.084282242541604e-4,81
Asian,Female,FALSE,53,5.29856830819882e-4,65
Asian,Female,FALSE,54,5.685574765583359e-4,67
Asian,Female,FALSE,55,4.8374445463234103e-4,61
Asian,Female,FALSE,56,3.793555851203658e-4,46
Asian,Female,FALSE,57,4.535254210062212e-4,52
Asian,Female,FALSE,58,7.397361407999259e-4,79
Asian,Female,FALSE,59,4.658137384766911e-4,56
Asian,Female,FALSE,60,4.7892973533794517e-4,62
Asian,Female,FALSE,61,4.201176619724346e-4,52
Asian,Female,FALSE,62,4.5137763850659854e-4,53
Asian,Female,FALSE,63,5.500814566299421e-4,66
Asian,Female,FALSE,64,3.7767868691725495e-4,46
Asian,Female,FALSE,65,2.9631557525512485e-4,49
Asian,Female,FALSE,66,4.1057891364593233e-4,55
Asian,Female,FALSE,67,4.2562404463416284e-4,59
Asian,Female,FALSE,68,3.7433813957968043e-4,50
Asian,Female,FALSE,69,5.037247087317971e-4,59
Asian,Female,FALSE,70,4.217567887079109e-4,53
Asian,Female,FALSE,71,2.849556610891308e-4,39
Asian,Female,FALSE,72,3.8567682424386554e-4,53
Asian,Female,FALSE,73,2.542363007917273e-4,38
Asian,Female,FALSE,74,3.3658844380638305e-4,45
Asian,Female,FALSE,75,2.3821604609905434e-4,31
Asian,Female,FALSE,76,2.6527746251085174e-4,36
Asian,Female,FALSE,77,2.534529011830015e-4,40
Asian,Female,FALSE,78,1.5044011403189808e-4,21
Asian,Female,FALSE,79,2.130459923465988e-4,30
Asian,Female,FALSE,80,8.725384515651848e-4,122
Asian,Female,FALSE,85,6.629329944104836e-4,105
Asian,Female,TRUE,18,1.7073710609994957e-5,1
Asian,Female,TRUE,20,3.997813488380763e-5,4
Asian,Female,TRUE,21,2.4663877346184497e-5,2
Asian,Female,TRUE,22,2.2796223546526982e-5,3
Asian,Female,TRUE,23,1.3125062013486113e-5,1
Asian,Female,TRUE,24,2.6009393873247444e-5,2
Asian,Female,TRUE,25,5.107887867187778e-5,5
Asian,Female,TRUE,26,8.730051519452818e-6,2
Asian,Female,TRUE,27,4.285306656035573e-5,5
Asian,Female,TRUE,28,1.1315130764367695e-5,2
Asian,Female,TRUE,29,3.1038848803642304e-6,1
Asian,Female,TRUE,30,2.8937593004152084e-5,3
Asian,Female,TRUE,31,1.30696251209885e-5,1
Asian,Female,TRUE,32,7.495951136920363e-6,2
Asian,Female,TRUE,33,2.0974244167732283e-5,3
Asian,Female,TRUE,34,3.0132023660676465e-5,3
Asian,Female,TRUE,35,1.5090921628993694e-5,2
Asian,Female,TRUE,36,4.801450855765441e-5,3
Asian,Female,TRUE,37,3.446443036835327e-5,3
Asian,Female,TRUE,38,2.3346757214789436e-5,2
Asian,Female,TRUE,39,3.12853899523878e-5,3
Asian,Female,TRUE,40,1.744987568766918e-5,3
Asian,Female,TRUE,41,1.958603619725049e-5,2
Asian,Female,TRUE,42,1.2928689121752782e-5,1
Asian,Female,TRUE,43,1.769293023940225e-6,1
Asian,Female,TRUE,44,1.1866439231966243e-5,2
Asian,Female,TRUE,45,2.06911712302899e-5,2
Asian,Female,TRUE,47,3.6876574401451692e-6,2
Asian,Female,TRUE,48,6.462485042469762e-6,2
Asian,Female,TRUE,52,1.1922573443866343e-5,2
Asian,Female,TRUE,53,1.1333261068832322e-5,1
Asian,Female,TRUE,54,5.159350039091222e-6,1
Asian,Female,TRUE,55,1.5160847269076286e-5,1
Asian,Female,TRUE,56,1.3471164876919845e-5,1
Asian,Female,TRUE,57,1.4625809587535738e-5,1
Asian,Female,TRUE,59,1.4562663441643977e-5,1
Asian,Female,TRUE,60,5.478528625595645e-6,2
Asian,Female,TRUE,61,1.0957638350693364e-5,1
Asian,Female,TRUE,62,1.632234895381662e-5,2
Asian,Female,TRUE,63,2.1157832870420045e-6,1
Asian,Female,TRUE,64,1.8519253731347795e-5,2
Asian,Female,TRUE,65,2.0498052495768165e-5,2
Asian,Female,TRUE,67,9.925218235346492e-6,1
Asian,Female,TRUE,69,3.066771992165269e-5,3
Asian,Female,TRUE,71,8.266721516467881e-6,1
Asian,Female,TRUE,72,1.416860049930595e-5,2
Asian,Female,TRUE,74,1.5668379574185456e-6,1
Asian,Female,TRUE,76,9.938428564026915e-6,1
Asian,Female,TRUE,78,1.019635926301301e-6,1
Asian,Female,TRUE,79,9.375730546187766e-6,1
Asian,Female,TRUE,80,1.1021520555954413e-5,1
Asian,Female,TRUE,85,1.1046546574510289e-5,1
Asian,Male,FALSE,18,4.738081955064553e-4,52
Asian,Male,FALSE,19,4.512846625862669e-4,48
Asian,Male,FALSE,20,5.200675898680202e-4,52
Asian,Male,FALSE,21,3.542890058192459e-4,37
Asian,Male,FALSE,22,7.903708270124207e-4,69
Asian,Male,FALSE,23,6.182936667207275e-4,61
Asian,Male,FALSE,24,3.781601084847378e-4,37
Asian,Male,FALSE,25,6.883951087726803e-4,75
Asian,Male,FALSE,26,4.203539370299768e-4,50
Asian,Male,FALSE,27,6.120444064555508e-4,62
Asian,Male,FALSE,28,6.062612654709694e-4,63
Asian,Male,FALSE,29,6.478140637854898e-4,68
Asian,Male,FALSE,30,5.793625181797853e-4,71
Asian,Male,FALSE,31,7.80596191028044e-4,81
Asian,Male,FALSE,32,7.027693797557529e-4,76
Asian,Male,FALSE,33,7.613105445333974e-4,87
Asian,Male,FALSE,34,6.687153993356959e-4,79
Asian,Male,FALSE,35,7.433112973764702e-4,89
Asian,Male,FALSE,36,6.944205682496259e-4,74
Asian,Male,FALSE,37,6.19310474629452e-4,70
Asian,Male,FALSE,38,6.492585996677058e-4,76
Asian,Male,FALSE,39,6.343547920783794e-4,79
Asian,Male,FALSE,40,8.007995873362953e-4,95
Asian,Male,FALSE,41,5.351101252784748e-4,60
Asian,Male,FALSE,42,3.8606046613513307e-4,51
Asian,Male,FALSE,43,5.424728884095202e-4,67
Asian,Male,FALSE,44,5.843559449410518e-4,62
Asian,Male,FALSE,45,5.092797487918322e-4,63
Asian,Male,FALSE,46,5.495810524787248e-4,61
Asian,Male,FALSE,47,6.116490263543417e-4,74
Asian,Male,FALSE,48,6.75156577396423e-4,80
Asian,Male,FALSE,49,3.5911864000086194e-4,39
Asian,Male,FALSE,50,5.775047043316959e-4,66
Asian,Male,FALSE,51,4.861653538979374e-4,64
Asian,Male,FALSE,52,5.146336509442166e-4,61
Asian,Male,FALSE,53,5.985162163474946e-4,74
Asian,Male,FALSE,54,5.585497421936954e-4,66
Asian,Male,FALSE,55,3.7005454523017777e-4,45
Asian,Male,FALSE,56,4.7519853417511134e-4,51
Asian,Male,FALSE,57,5.396045037873625e-4,59
Asian,Male,FALSE,58,4.472066225006304e-4,51
Asian,Male,FALSE,59,5.480350566234472e-4,61
Asian,Male,FALSE,60,4.939844350979762e-4,58
Asian,Male,FALSE,61,3.671938311214469e-4,48
Asian,Male,FALSE,62,4.3580246729254526e-4,48
Asian,Male,FALSE,63,4.216489753802932e-4,55
Asian,Male,FALSE,64,2.651432672658401e-4,35
Asian,Male,FALSE,65,2.44842633640909e-4,34
Asian,Male,FALSE,66,2.7826414536291134e-4,44
Asian,Male,FALSE,67,2.893533833808404e-4,40
Asian,Male,FALSE,68,3.4005388879693616e-4,47
Asian,Male,FALSE,69,2.55963057332116e-4,32
Asian,Male,FALSE,70,4.0388848263878336e-4,50
Asian,Male,FALSE,71,3.891969313275801e-4,49
Asian,Male,FALSE,72,2.949673469303856e-4,39
Asian,Male,FALSE,73,3.268821838634171e-4,42
Asian,Male,FALSE,74,2.266907897547376e-4,32
Asian,Male,FALSE,75,2.779775083485229e-4,37
Asian,Male,FALSE,76,1.8051983873738813e-4,31
Asian,Male,FALSE,77,2.1845796570922388e-4,29
Asian,Male,FALSE,78,9.694974990635756e-5,13
Asian,Male,FALSE,79,2.2942803958926158e-4,30
Asian,Male,FALSE,80,5.960969054205369e-4,81
Asian,Male,FALSE,85,5.139659288763697e-4,74
Asian,Male,TRUE,18,4.7346786489807556e-5,3
Asian,Male,TRUE,19,1.468531417654785e-5,2
Asian,Male,TRUE,20,4.0070142304968943e-5,3
Asian,Male,TRUE,21,2.0402054858025968e-5,1
Asian,Male,TRUE,24,7.098912965131732e-5,6
Asian,Male,TRUE,25,1.4697827185825787e-5,1
Asian,Male,TRUE,26,2.5299871381218253e-5,3
Asian,Male,TRUE,27,1.2188755755781854e-5,2
Asian,Male,TRUE,28,4.466547716734965e-5,4
Asian,Male,TRUE,29,2.1174026176544436e-5,3
Asian,Male,TRUE,31,6.117300316249303e-5,3
Asian,Male,TRUE,32,3.1143369234081545e-5,2
Asian,Male,TRUE,33,2.728940111644354e-5,2
Asian,Male,TRUE,34,3.211605232061548e-5,3
Asian,Male,TRUE,35,8.024248064236885e-6,2
Asian,Male,TRUE,36,1.4133385869480425e-5,2
Asian,Male,TRUE,37,1.848713829886665e-5,2
Asian,Male,TRUE,40,2.259152156193063e-5,2
Asian,Male,TRUE,41,1.796782904384883e-5,2
Asian,Male,TRUE,42,1.909155926095452e-5,3
Asian,Male,TRUE,44,1.0026910648208988e-5,1
Asian,Male,TRUE,45,1.9443279419574948e-5,2
Asian,Male,TRUE,46,1.4758648933709262e-5,2
Asian,Male,TRUE,47,1.7696881716016335e-5,2
Asian,Male,TRUE,48,6.649118706548377e-5,4
Asian,Male,TRUE,49,1.1461141699254837e-5,1
Asian,Male,TRUE,50,2.3637384445758754e-5,1
Asian,Male,TRUE,51,3.3565856838316843e-6,1
Asian,Male,TRUE,52,2.8688456277630666e-5,3
Asian,Male,TRUE,53,2.711402528671839e-5,1
Asian,Male,TRUE,54,5.584490182800027e-5,3
Asian,Male,TRUE,55,2.7941317277834053e-5,1
Asian,Male,TRUE,56,2.8025344265833577e-5,2
Asian,Male,TRUE,57,9.985962503296355e-6,1
Asian,Male,TRUE,59,7.640644912936144e-6,1
Asian,Male,TRUE,60,2.342489572783464e-6,1
Asian,Male,TRUE,61,1.1333261068832322e-5,1
Asian,Male,TRUE,64,1.1214406850675316e-5,1
Asian,Male,TRUE,65,2.335361418891388e-6,1
Asian,Male,TRUE,67,2.1482512532210743e-5,3
Asian,Male,TRUE,68,1.1615094327336955e-5,1
Asian,Male,TRUE,70,5.644529383354045e-6,1
Asian,Male,TRUE,71,6.6097356562946575e-6,1
Asian,Male,TRUE,75,1.0068052492955643e-5,1
Asian,Male,TRUE,76,2.4242696427083135e-6,1
Asian,Male,TRUE,80,4.173495363843673e-5,3
Asian,Male,TRUE,85,1.0141968349619127e-5,1
Black or African American,Female,FALSE,18,0.00119221228980524,107
Black or African American,Female,FALSE,19,9.332471949654899e-4,80
Black or African American,Female,FALSE,20,0.0010021361922763542,76
Black or African American,Female,FALSE,21,0.0011453826043923427,89
Black or African American,Female,FALSE,22,0.0011699540869176978,86
Black or African American,Female,FALSE,23,0.0016088062031370807,109
Black or African American,Female,FALSE,24,0.0012465582648376304,95
Black or African American,Female,FALSE,25,0.0012043807458184167,101
Black or African American,Female,FALSE,26,0.0011349958769324505,97
Black or African American,Female,FALSE,27,9.279161106535527e-4,78
Black or African American,Female,FALSE,28,0.0012900414756980328,111
Black or African American,Female,FALSE,29,0.0013929974313178336,118
Black or African American,Female,FALSE,30,0.0011652803036225374,104
Black or African American,Female,FALSE,31,0.0013124715678182873,114
Black or African American,Female,FALSE,32,0.0013547233513538663,107
Black or African American,Female,FALSE,33,0.0013453167837941028,115
Black or African American,Female,FALSE,34,0.0012903316380494009,110
Black or African American,Female,FALSE,35,0.0011244972684484275,111
Black or African American,Female,FALSE,36,0.0013229787378349759,128
Black or African American,Female,FALSE,37,0.001243086311532654,124
Black or African American,Female,FALSE,38,0.0010586664815970647,115
Black or African American,Female,FALSE,39,8.985897233425487e-4,98
Black or African American,Female,FALSE,40,0.0012139266997787447,122
Black or African American,Female,FALSE,41,9.946044841500727e-4,111
Black or African American,Female,FALSE,42,0.0011453294144179197,123
Black or African American,Female,FALSE,43,0.0011035995744551014,110
Black or African American,Female,FALSE,44,0.0010573139918759764,118
Black or African American,Female,FALSE,45,9.511149974150487e-4,100
Black or African American,Female,FALSE,46,9.756613377019481e-4,102
Black or African American,Female,FALSE,47,9.42821467841552e-4,97
Black or African American,Female,FALSE,48,0.001174944995581122,114
Black or African American,Female,FALSE,49,0.001012617212815448,100
Black or African American,Female,FALSE,50,0.0012986243153436277,137
Black or African American,Female,FALSE,51,0.0010062951214126793,105
Black or African American,Female,FALSE,52,0.0010673561660711063,114
Black or African American,Female,FALSE,53,9.630911094930393e-4,114
Black or African American,Female,FALSE,54,7.999145727946402e-4,91
Black or African American,Female,FALSE,55,8.956674514265645e-4,103
Black or African American,Female,FALSE,56,9.081048790292664e-4,104
Black or African American,Female,FALSE,57,0.0011884748902477177,131
Black or African American,Female,FALSE,58,0.0011356291591698084,136
Black or African American,Female,FALSE,59,9.39876726744822e-4,107
Black or African American,Female,FALSE,60,9.40969774908218e-4,108
Black or African American,Female,FALSE,61,8.746262258562268e-4,104
Black or African American,Female,FALSE,62,0.0011617873145155864,136
Black or African American,Female,FALSE,63,0.0011013272042222346,129
Black or African American,Female,FALSE,64,9.97887735076743e-4,124
Black or African American,Female,FALSE,65,8.61045233173416e-4,124
Black or African American,Female,FALSE,66,9.713416764433491e-4,139
Black or African American,Female,FALSE,67,8.198584113252995e-4,123
Black or African American,Female,FALSE,68,8.723762085842069e-4,123
Black or African American,Female,FALSE,69,5.815113853984783e-4,90
Black or African American,Female,FALSE,70,7.357797829500227e-4,105
Black or African American,Female,FALSE,71,6.194930948329698e-4,96
Black or African American,Female,FALSE,72,6.463515525586769e-4,95
Black or African American,Female,FALSE,73,7.894548979772556e-4,110
Black or African American,Female,FALSE,74,5.250228965019506e-4,82
Black or African American,Female,FALSE,75,5.553981296742273e-4,81
Black or African American,Female,FALSE,76,4.92033219189921e-4,66
Black or African American,Female,FALSE,77,3.952300613179527e-4,57
Black or African American,Female,FALSE,78,3.99357572341199e-4,59
Black or African American,Female,FALSE,79,3.674265808420099e-4,48
Black or African American,Female,FALSE,80,0.001561954784602806,218
Black or African American,Female,FALSE,85,0.0012630124071585163,183
Black or African American,Female,TRUE,18,5.87600068501249e-5,4
Black or African American,Female,TRUE,19,8.69611918252853e-5,8
Black or African American,Female,TRUE,20,5.215511368968084e-5,7
Black or African American,Female,TRUE,21,7.25895938999224e-5,7
Black or African American,Female,TRUE,22,8.153500089484287e-5,8
Black or African American,Female,TRUE,23,4.4766975880378126e-5,6
Black or African American,Female,TRUE,24,6.18352241550536e-5,7
Black or African American,Female,TRUE,25,9.680029111442481e-5,10
Black or African American,Female,TRUE,26,1.0643619927767334e-4,8
Black or African American,Female,TRUE,27,7.719453627407069e-5,7
Black or African American,Female,TRUE,28,7.00532107932811e-5,7
Black or African American,Female,TRUE,29,1.331471352097882e-4,11
Black or African American,Female,TRUE,30,9.036678356712501e-5,10
Black or African American,Female,TRUE,31,1.8611919731944786e-4,12
Black or African American,Female,TRUE,32,1.390297604291243e-4,12
Black or African American,Female,TRUE,33,9.32735207564198e-5,10
Black or African American,Female,TRUE,34,1.593141620079642e-4,12
Black or African American,Female,TRUE,35,1.1918265559557652e-4,11
Black or African American,Female,TRUE,36,1.2995655028371492e-4,11
Black or African American,Female,TRUE,37,9.326577276305885e-5,9
Black or African American,Female,TRUE,38,6.758431270881371e-5,6
Black or African American,Female,TRUE,39,1.6372133685157422e-4,13
Black or African American,Female,TRUE,40,9.121828803749363e-5,7
Black or African American,Female,TRUE,41,1.7856777055006307e-4,13
Black or African American,Female,TRUE,42,5.957920218817837e-5,7
Black or African American,Female,TRUE,43,9.668926236956236e-5,6
Black or African American,Female,TRUE,44,6.851089523484996e-5,7
Black or African American,Female,TRUE,45,7.781611904145306e-5,7
Black or African American,Female,TRUE,46,5.293529788116192e-5,5
Black or African American,Female,TRUE,47,5.47896251322386e-5,4
Black or African American,Female,TRUE,48,8.215332950501367e-5,8
Black or African American,Female,TRUE,49,7.050766934386776e-5,5
Black or African American,Female,TRUE,50,6.890464825745355e-5,8
Black or African American,Female,TRUE,51,9.482428162761436e-5,9
Black or African American,Female,TRUE,52,7.818391628629747e-5,7
Black or African American,Female,TRUE,53,9.15883322004127e-5,10
Black or African American,Female,TRUE,54,6.395267326066823e-5,5
Black or African American,Female,TRUE,55,1.3526648257377623e-4,10
Black or African American,Female,TRUE,56,8.175783318390387e-5,6
Black or African American,Female,TRUE,57,8.337700883647563e-5,9
Black or African American,Female,TRUE,58,6.530442692238674e-5,5
Black or African American,Female,TRUE,59,6.149191056922982e-5,4
Black or African American,Female,TRUE,60,9.071885238544666e-5,10
Black or African American,Female,TRUE,61,3.174314140015285e-5,2
Black or African American,Female,TRUE,62,1.097933273210403e-5,1
Black or African American,Female,TRUE,63,6.957109190639585e-5,6
Black or African American,Female,TRUE,64,1.5659740561587995e-5,2
Black or African American,Female,TRUE,65,2.671953620474551e-5,3
Black or African American,Female,TRUE,66,8.202932287127163e-5,6
Black or African American,Female,TRUE,67,3.8030366832797875e-5,3
Black or African American,Female,TRUE,68,2.873413069849348e-5,2
Black or African American,Female,TRUE,69,2.7493057121936168e-5,2
Black or African American,Female,TRUE,70,5.977751207825195e-5,4
Black or African American,Female,TRUE,71,9.123378402421553e-6,2
Black or African American,Female,TRUE,73,2.4782615344441086e-5,2
Black or African American,Female,TRUE,74,4.3652736955139594e-5,3
Black or African American,Female,TRUE,75,3.3021095425108293e-5,3
Black or African American,Female,TRUE,76,1.3407941251094477e-5,2
Black or African American,Female,TRUE,78,2.5965191571123212e-5,3
Black or African American,Female,TRUE,79,1.324627936961821e-5,1
Black or African American,Female,TRUE,80,1.228132878045851e-4,10
Black or African American,Female,TRUE,85,2.4155647721672842e-05,2
Black or African American,Male,FALSE,18,0.001041182088598972,96
Black or African American,Male,FALSE,19,0.0012227757217362547,109
Black or African American,Male,FALSE,20,0.0013273104859632162,106
Black or African American,Male,FALSE,21,0.0012307665372091386,101
Black or African American,Male,FALSE,22,0.0010099171146090902,82
Black or African American,Male,FALSE,23,8.86395660211314e-4,71
Black or African American,Male,FALSE,24,0.001253357710111368,94
Black or African American,Male,FALSE,25,0.0012697754756034255,86
Black or African American,Male,FALSE,26,9.807803981755614e-4,77
Black or African American,Male,FALSE,27,0.001151015744225456,77
Black or African American,Male,FALSE,28,0.0010490324716921893,77
Black or African American,Male,FALSE,29,0.0012503515274272857,87
Black or African American,Male,FALSE,30,0.0013798575318970609,105
Black or African American,Male,FALSE,31,0.0011679409258027215,102
Black or African American,Male,FALSE,32,0.001087530468664288,95
Black or African American,Male,FALSE,33,0.0011808166961298195,96
Black or African American,Male,FALSE,34,0.00117368954947688,101
Black or African American,Male,FALSE,35,9.86061159270619e-4,82
Black or African American,Male,FALSE,36,0.0012289407225736303,101
Black or African American,Male,FALSE,37,0.0010739191425874679,93
Black or African American,Male,FALSE,38,0.001047862563434652,92
Black or African American,Male,FALSE,39,8.188402475177371e-4,65
Black or African American,Male,FALSE,40,0.001264518849507688,102
Black or African American,Male,FALSE,41,8.810322280270957e-4,76
Black or African American,Male,FALSE,42,0.0010974311645006462,101
Black or African American,Male,FALSE,43,8.674862175343091e-4,94
Black or African American,Male,FALSE,44,8.120965877961982e-4,74
Black or African American,Male,FALSE,45,8.472526040519502e-4,84
Black or African American,Male,FALSE,46,9.984326514498195e-4,102
Black or African American,Male,FALSE,47,6.658347341440609e-4,75
Black or African American,Male,FALSE,48,0.0011046849908450376,102
Black or African American,Male,FALSE,49,6.82126207344334e-4,73
Black or African American,Male,FALSE,50,7.643224607325674e-4,94
Black or African American,Male,FALSE,51,8.342969906532677e-4,81
Black or African American,Male,FALSE,52,9.098803317079289e-4,105
Black or African American,Male,FALSE,53,8.478997164574567e-4,100
Black or African American,Male,FALSE,54,8.046652161839411e-4,87
Black or African American,Male,FALSE,55,7.177908793642321e-4,85
Black or African American,Male,FALSE,56,8.364104882822689e-4,94
Black or African American,Male,FALSE,57,9.119809676679502e-4,99
Black or African American,Male,FALSE,58,5.965177376799372e-4,75
Black or African American,Male,FALSE,59,8.916144760994511e-4,101
Black or African American,Male,FALSE,60,0.0010186770733829169,132
Black or African American,Male,FALSE,61,8.008402643014401e-4,103
Black or African American,Male,FALSE,62,9.198846956954573e-4,122
Black or African American,Male,FALSE,63,8.316265672614823e-4,102
Black or African American,Male,FALSE,64,8.519946859085874e-4,103
Black or African American,Male,FALSE,65,6.633919855371868e-4,89
Black or African American,Male,FALSE,66,7.134957792445885e-4,97
Black or African American,Male,FALSE,67,6.672386705410653e-4,91
Black or African American,Male,FALSE,68,8.25971694306991e-4,111
Black or African American,Male,FALSE,69,7.491831141450674e-4,105
Black or African American,Male,FALSE,70,6.614122957535299e-4,96
Black or African American,Male,FALSE,71,5.141982137173313e-4,74
Black or African American,Male,FALSE,72,5.844245146822961e-4,84
Black or African American,Male,FALSE,73,4.899522243930697e-4,63
Black or African American,Male,FALSE,74,5.035139633123792e-4,71
Black or African American,Male,FALSE,75,4.167829643698476e-4,62
Black or African American,Male,FALSE,76,3.3694814439816525e-4,52
Black or African American,Male,FALSE,77,2.4977783423206794e-4,41
Black or African American,Male,FALSE,78,2.6732587699562034e-4,35
Black or African American,Male,FALSE,79,1.7117324064623755e-4,26
Black or African American,Male,FALSE,80,9.452009540826342e-4,138
Black or African American,Male,FALSE,85,6.705741429429882e-4,99
Black or African American,Male,TRUE,18,8.916847891392014e-5,7
Black or African American,Male,TRUE,19,5.2349355883239914e-5,4
Black or African American,Male,TRUE,20,8.927466516293199e-5,8
Black or African American,Male,TRUE,21,6.532631500363142e-5,6
Black or African American,Male,TRUE,22,1.336342128124244e-4,13
Black or African American,Male,TRUE,23,2.8210598787093947e-5,2
Black or African American,Male,TRUE,24,1.0335288531968243e-4,7
Black or African American,Male,TRUE,25,1.2757353870565365e-4,8
Black or African American,Male,TRUE,26,1.292510180082666e-4,9
Black or African American,Male,TRUE,27,4.993860648894646e-5,6
Black or African American,Male,TRUE,28,5.463931406103612e-5,2
Black or African American,Male,TRUE,29,1.7371423380892862e-4,9
Black or African American,Male,TRUE,30,1.863182432688907e-4,12
Black or African American,Male,TRUE,31,1.579975067561708e-4,15
Black or African American,Male,TRUE,32,1.3207531654820087e-4,9
Black or African American,Male,TRUE,33,1.5342622941317584e-4,13
Black or African American,Male,TRUE,34,1.0550853203256654e-4,8
Black or African American,Male,TRUE,35,2.870205400597914e-5,5
Black or African American,Male,TRUE,36,1.4484063922993797e-4,10
Black or African American,Male,TRUE,37,8.770224865029355e-5,9
Black or African American,Male,TRUE,38,6.38631064574156e-5,7
Black or African American,Male,TRUE,39,9.575105785348466e-5,9
Black or African American,Male,TRUE,40,5.534612475538898e-5,4
Black or African American,Male,TRUE,41,5.8282885418957474e-5,5
Black or African American,Male,TRUE,42,8.989376857243886e-5,11
Black or African American,Male,TRUE,43,2.823155710913532e-5,4
Black or African American,Male,TRUE,44,4.816032579270753e-5,3
Black or African American,Male,TRUE,45,5.247223905794461e-5,5
Black or African American,Male,TRUE,46,4.8199104499479095e-5,4
Black or African American,Male,TRUE,47,8.663197958737844e-5,4
Black or African American,Male,TRUE,48,7.742616253559636e-5,3
Black or African American,Male,TRUE,49,2.9900242439283586e-5,3
Black or African American,Male,TRUE,50,5.983903114553789e-5,4
Black or African American,Male,TRUE,51,6.17887749348547e-5,3
Black or African American,Male,TRUE,52,4.813580339372012e-5,5
Black or African American,Male,TRUE,53,5.3279812405956644e-5,7
Black or African American,Male,TRUE,54,4.699150225424109e-5,4
Black or African American,Male,TRUE,55,3.509844866507998e-5,4
Black or African American,Male,TRUE,56,1.097495511585509e-5,2
Black or African American,Male,TRUE,57,2.8194521700869972e-5,2
Black or African American,Male,TRUE,58,3.0455037503894557e-5,4
Black or African American,Male,TRUE,59,4.1498368661160046e-5,3
Black or African American,Male,TRUE,60,6.0573579656122964e-5,6
Black or African American,Male,TRUE,61,5.42640012626316e-5,3
Black or African American,Male,TRUE,62,8.552703825417305e-5,4
Black or African American,Male,TRUE,63,3.602661952975523e-5,4
Black or African American,Male,TRUE,64,2.0356225477295936e-5,1
Black or African American,Male,TRUE,65,3.318663130326504e-5,6
Black or African American,Male,TRUE,66,1.3615161333533141e-5,2
Black or African American,Male,TRUE,67,1.2137773959466786e-5,1
Black or African American,Male,TRUE,68,4.776711512963921e-5,5
Black or African American,Male,TRUE,70,3.77806877467412e-5,2
Black or African American,Male,TRUE,71,1.5748455085570897e-5,1
Black or African American,Male,TRUE,72,1.3653552640636657e-5,1
Black or African American,Male,TRUE,73,2.253577474969858e-5,3
Black or African American,Male,TRUE,74,3.1277060859524775e-5,2
Black or African American,Male,TRUE,75,1.5227402532046866e-5,1
Black or African American,Male,TRUE,76,7.225042549054671e-6,1
Black or African American,Male,TRUE,79,4.705472588006647e-6,1
Black or African American,Male,TRUE,80,4.994151198645682e-5,4
Black or African American,Male,TRUE,85,7.992380567543288e-5,4
Native Hawaiian or Other Pacific Islander,Female,FALSE,18,3.137689375398064e-5,10
Native Hawaiian or Other Pacific Islander,Female,FALSE,19,3.05456890262177e-5,7
Native Hawaiian or Other Pacific Islander,Female,FALSE,20,3.615961383579598e-5,8
Native Hawaiian or Other Pacific Islander,Female,FALSE,21,3.8125783371038006e-5,5
Native Hawaiian or Other Pacific Islander,Female,FALSE,22,7.748105706855869e-5,9
Native Hawaiian or Other Pacific Islander,Female,FALSE,23,2.3748800590289243e-5,4
Native Hawaiian or Other Pacific Islander,Female,FALSE,24,7.667143050230601e-6,3
Native Hawaiian or Other Pacific Islander,Female,FALSE,25,5.480000744334227e-6,2
Native Hawaiian or Other Pacific Islander,Female,FALSE,26,4.7690758655067024e-5,6
Native Hawaiian or Other Pacific Islander,Female,FALSE,27,6.265058423639341e-5,6
Native Hawaiian or Other Pacific Islander,Female,FALSE,28,4.627260469024515e-5,4
Native Hawaiian or Other Pacific Islander,Female,FALSE,29,5.2719167606358156e-5,5
Native Hawaiian or Other Pacific Islander,Female,FALSE,30,4.4773174275066884e-5,5
Native Hawaiian or Other Pacific Islander,Female,FALSE,31,7.808447079150965e-5,9
Native Hawaiian or Other Pacific Islander,Female,FALSE,32,6.066365007894404e-5,6
Native Hawaiian or Other Pacific Islander,Female,FALSE,33,7.272599732304196e-5,6
Native Hawaiian or Other Pacific Islander,Female,FALSE,34,3.91990741513639e-5,8
Native Hawaiian or Other Pacific Islander,Female,FALSE,35,2.7259881261738318e-5,4
Native Hawaiian or Other Pacific Islander,Female,FALSE,36,1.4293110752616452e-5,2
Native Hawaiian or Other Pacific Islander,Female,FALSE,37,3.763878324833536e-5,6
Native Hawaiian or Other Pacific Islander,Female,FALSE,38,3.132405243925895e-5,6
Native Hawaiian or Other Pacific Islander,Female,FALSE,39,5.335500668152469e-5,5
Native Hawaiian or Other Pacific Islander,Female,FALSE,40,1.1476598946009935e-5,4
Native Hawaiian or Other Pacific Islander,Female,FALSE,41,3.228185937853985e-5,4
Native Hawaiian or Other Pacific Islander,Female,FALSE,42,7.11769410103868e-5,6
Native Hawaiian or Other Pacific Islander,Female,FALSE,43,3.23034375400501e-5,6
Native Hawaiian or Other Pacific Islander,Female,FALSE,44,4.189188924396281e-5,12
Native Hawaiian or Other Pacific Islander,Female,FALSE,45,1.99311318215473e-5,6
Native Hawaiian or Other Pacific Islander,Female,FALSE,46,6.44017082159022e-5,10
Native Hawaiian or Other Pacific Islander,Female,FALSE,47,1.571959381030135e-5,3
Native Hawaiian or Other Pacific Islander,Female,FALSE,48,2.8338169497782023e-5,4
Native Hawaiian or Other Pacific Islander,Female,FALSE,49,1.4628947524846924e-5,4
Native Hawaiian or Other Pacific Islander,Female,FALSE,50,2.3623244357875014e-6,1
Native Hawaiian or Other Pacific Islander,Female,FALSE,51,4.0880466190624124e-5,3
Native Hawaiian or Other Pacific Islander,Female,FALSE,52,3.097891807499534e-5,6
Native Hawaiian or Other Pacific Islander,Female,FALSE,53,6.47174002053942e-5,9
Native Hawaiian or Other Pacific Islander,Female,FALSE,54,4.256739804513742e-5,5
Native Hawaiian or Other Pacific Islander,Female,FALSE,55,1.2077300871284555e-5,4
Native Hawaiian or Other Pacific Islander,Female,FALSE,56,1.6599146016636636e-5,4
Native Hawaiian or Other Pacific Islander,Female,FALSE,57,2.8953088990873988e-5,7
Native Hawaiian or Other Pacific Islander,Female,FALSE,58,5.0482670582752516e-5,8
Native Hawaiian or Other Pacific Islander,Female,FALSE,59,2.787073305831578e-5,5
Native Hawaiian or Other Pacific Islander,Female,FALSE,60,1.2162993677856686e-5,3
Native Hawaiian or Other Pacific Islander,Female,FALSE,61,4.331957324061865e-5,5
Native Hawaiian or Other Pacific Islander,Female,FALSE,62,2.4398586053505495e-5,4
Native Hawaiian or Other Pacific Islander,Female,FALSE,63,2.7728324940341476e-5,5
Native Hawaiian or Other Pacific Islander,Female,FALSE,64,3.142400155361524e-5,6
Native Hawaiian or Other Pacific Islander,Female,FALSE,65,3.82877164322819e-5,6
Native Hawaiian or Other Pacific Islander,Female,FALSE,66,1.3824085974511215e-5,2
Native Hawaiian or Other Pacific Islander,Female,FALSE,67,2.3400567028681254e-5,5
Native Hawaiian or Other Pacific Islander,Female,FALSE,68,3.239598732074668e-5,6
Native Hawaiian or Other Pacific Islander,Female,FALSE,69,1.1916026389476337e-5,3
Native Hawaiian or Other Pacific Islander,Female,FALSE,70,3.08207815304983e-5,5
Native Hawaiian or Other Pacific Islander,Female,FALSE,71,1.576972332734671e-5,4
Native Hawaiian or Other Pacific Islander,Female,FALSE,72,6.333132293308666e-6,2
Native Hawaiian or Other Pacific Islander,Female,FALSE,73,9.87590225760403e-6,1
Native Hawaiian or Other Pacific Islander,Female,FALSE,74,1.698894756262614e-5,3
Native Hawaiian or Other Pacific Islander,Female,FALSE,75,9.997661973271393e-6,2
Native Hawaiian or Other Pacific Islander,Female,FALSE,76,1.1151338184717167e-5,2
Native Hawaiian or Other Pacific Islander,Female,FALSE,77,2.1560728525189553e-6,1
Native Hawaiian or Other Pacific Islander,Female,FALSE,79,2.102456738461167e-6,1
Native Hawaiian or Other Pacific Islander,Female,FALSE,80,3.324888642992029e-5,4
Native Hawaiian or Other Pacific Islander,Female,FALSE,85,3.0599537580076316e-5,5
Native Hawaiian or Other Pacific Islander,Female,TRUE,18,2.128954875755623e-6,1
Native Hawaiian or Other Pacific Islander,Female,TRUE,20,1.6283647726978664e-5,1
Native Hawaiian or Other Pacific Islander,Female,TRUE,21,1.500805683999831e-5,1
Native Hawaiian or Other Pacific Islander,Female,TRUE,22,9.01788947281219e-6,2
Native Hawaiian or Other Pacific Islander,Female,TRUE,23,1.375536127339957e-5,2
Native Hawaiian or Other Pacific Islander,Female,TRUE,27,5.649836758806298e-6,1
Native Hawaiian or Other Pacific Islander,Female,TRUE,31,1.3922950369796963e-5,1
Native Hawaiian or Other Pacific Islander,Female,TRUE,33,2.183229569249093e-5,2
Native Hawaiian or Other Pacific Islander,Female,TRUE,34,2.2397899207840433e-6,1
Native Hawaiian or Other Pacific Islander,Female,TRUE,35,1.0711523341582718e-5,1
Native Hawaiian or Other Pacific Islander,Female,TRUE,36,2.0998611606852477e-6,1
Native Hawaiian or Other Pacific Islander,Female,TRUE,37,1.1407409365296635e-5,1
Native Hawaiian or Other Pacific Islander,Female,TRUE,38,1.3122776355444632e-5,2
Native Hawaiian or Other Pacific Islander,Female,TRUE,40,2.650549788814921e-6,1
Native Hawaiian or Other Pacific Islander,Female,TRUE,41,3.0878077941402543e-6,1
Native Hawaiian or Other Pacific Islander,Female,TRUE,42,1.738111224659073e-5,1
Native Hawaiian or Other Pacific Islander,Female,TRUE,43,3.5533847151998687e-6,1
Native Hawaiian or Other Pacific Islander,Female,TRUE,46,1.110856926136471e-5,1
Native Hawaiian or Other Pacific Islander,Female,TRUE,48,6.004075015269029e-6,1
Native Hawaiian or Other Pacific Islander,Female,TRUE,49,1.1952209518471983e-5,1
Native Hawaiian or Other Pacific Islander,Female,TRUE,52,2.073479243291206e-6,1
Native Hawaiian or Other Pacific Islander,Female,TRUE,53,8.771813203668352e-6,1
Native Hawaiian or Other Pacific Islander,Female,TRUE,54,1.2316636386204367e-5,2
Native Hawaiian or Other Pacific Islander,Female,TRUE,56,1.576743766930523e-5,1
Native Hawaiian or Other Pacific Islander,Female,TRUE,57,1.2629887757787662e-5,1
Native Hawaiian or Other Pacific Islander,Female,TRUE,60,7.074150378350128e-6,1
Native Hawaiian or Other Pacific Islander,Female,TRUE,62,1.6997121695621943e-5,1
Native Hawaiian or Other Pacific Islander,Female,TRUE,65,2.2552665375225454e-5,2
Native Hawaiian or Other Pacific Islander,Male,FALSE,18,4.305145393036291e-5,5
Native Hawaiian or Other Pacific Islander,Male,FALSE,19,4.0848428238076584e-5,5
Native Hawaiian or Other Pacific Islander,Male,FALSE,20,5.2916663957128826e-5,5
Native Hawaiian or Other Pacific Islander,Male,FALSE,21,4.784215444534003e-5,4
Native Hawaiian or Other Pacific Islander,Male,FALSE,22,2.2449539583591178e-5,7
Native Hawaiian or Other Pacific Islander,Male,FALSE,23,2.6336204233212404e-5,3
Native Hawaiian or Other Pacific Islander,Male,FALSE,24,6.314250433488027e-5,8
Native Hawaiian or Other Pacific Islander,Male,FALSE,25,5.588860051055604e-6,2
Native Hawaiian or Other Pacific Islander,Male,FALSE,26,2.266257066105056e-5,6
Native Hawaiian or Other Pacific Islander,Male,FALSE,27,2.157951740908986e-5,3
Native Hawaiian or Other Pacific Islander,Male,FALSE,28,4.5984146897416905e-5,4
Native Hawaiian or Other Pacific Islander,Male,FALSE,29,8.060845710877342e-5,6
Native Hawaiian or Other Pacific Islander,Male,FALSE,30,3.461826677653498e-5,2
Native Hawaiian or Other Pacific Islander,Male,FALSE,31,4.626632881562278e-5,5
Native Hawaiian or Other Pacific Islander,Male,FALSE,32,4.637495568254333e-5,6
Native Hawaiian or Other Pacific Islander,Male,FALSE,33,5.170658235401532e-5,7
Native Hawaiian or Other Pacific Islander,Male,FALSE,34,4.750635641307636e-5,5
Native Hawaiian or Other Pacific Islander,Male,FALSE,35,1.7933505433259813e-5,3
Native Hawaiian or Other Pacific Islander,Male,FALSE,36,8.259566244599043e-5,9
Native Hawaiian or Other Pacific Islander,Male,FALSE,37,1.594327837863204e-5,5
Native Hawaiian or Other Pacific Islander,Male,FALSE,38,6.306428834190144e-5,14
Native Hawaiian or Other Pacific Islander,Male,FALSE,39,3.2916071375100594e-5,7
Native Hawaiian or Other Pacific Islander,Male,FALSE,40,4.883114705789876e-5,6
Native Hawaiian or Other Pacific Islander,Male,FALSE,41,8.531358103707883e-5,8
Native Hawaiian or Other Pacific Islander,Male,FALSE,42,2.278971523210378e-5,5
Native Hawaiian or Other Pacific Islander,Male,FALSE,43,2.807694590161752e-5,6
Native Hawaiian or Other Pacific Islander,Male,FALSE,44,2.0179222568964982e-5,5
Native Hawaiian or Other Pacific Islander,Male,FALSE,45,1.7124382486575582e-5,3
Native Hawaiian or Other Pacific Islander,Male,FALSE,46,4.629809558840269e-5,10
Native Hawaiian or Other Pacific Islander,Male,FALSE,47,1.3920935891523117e-5,4
Native Hawaiian or Other Pacific Islander,Male,FALSE,48,8.874474115700965e-6,2
Native Hawaiian or Other Pacific Islander,Male,FALSE,49,2.2751866284535533e-5,3
Native Hawaiian or Other Pacific Islander,Male,FALSE,50,3.124180748973244e-5,5
Native Hawaiian or Other Pacific Islander,Male,FALSE,51,3.514168246803409e-5,6
Native Hawaiian or Other Pacific Islander,Male,FALSE,52,6.420490918453403e-5,8
Native Hawaiian or Other Pacific Islander,Male,FALSE,53,9.962757263180305e-7,1
Native Hawaiian or Other Pacific Islander,Male,FALSE,54,1.0237113708091618e-5,2
Native Hawaiian or Other Pacific Islander,Male,FALSE,55,3.488324814947954e-5,4
Native Hawaiian or Other Pacific Islander,Male,FALSE,56,2.4541807710782695e-5,4
Native Hawaiian or Other Pacific Islander,Male,FALSE,57,8.48366533057454e-6,4
Native Hawaiian or Other Pacific Islander,Male,FALSE,58,1.1545866006656848e-5,3
Native Hawaiian or Other Pacific Islander,Male,FALSE,59,2.3856885097674528e-5,7
Native Hawaiian or Other Pacific Islander,Male,FALSE,60,2.237341554881983e-5,4
Native Hawaiian or Other Pacific Islander,Male,FALSE,61,1.4181036028650278e-5,2
Native Hawaiian or Other Pacific Islander,Male,FALSE,62,1.292826298211793e-5,2
Native Hawaiian or Other Pacific Islander,Male,FALSE,63,1.4513579903702347e-5,3
Native Hawaiian or Other Pacific Islander,Male,FALSE,64,2.5369448361599605e-5,4
Native Hawaiian or Other Pacific Islander,Male,FALSE,65,6.255807319566364e-6,2
Native Hawaiian or Other Pacific Islander,Male,FALSE,66,3.366088597688892e-5,6
Native Hawaiian or Other Pacific Islander,Male,FALSE,67,1.1965381107185601e-5,3
Native Hawaiian or Other Pacific Islander,Male,FALSE,68,2.2447873765018574e-5,5
Native Hawaiian or Other Pacific Islander,Male,FALSE,69,1.956135883839586e-6,1
Native Hawaiian or Other Pacific Islander,Male,FALSE,70,2.613305184728824e-5,3
Native Hawaiian or Other Pacific Islander,Male,FALSE,71,1.4470772240383086e-5,3
Native Hawaiian or Other Pacific Islander,Male,FALSE,72,1.1831650741775568e-5,3
Native Hawaiian or Other Pacific Islander,Male,FALSE,74,1.9677268819075705e-5,3
Native Hawaiian or Other Pacific Islander,Male,FALSE,75,1.6412961736172956e-6,1
Native Hawaiian or Other Pacific Islander,Male,FALSE,76,2.1287185619581142e-5,5
Native Hawaiian or Other Pacific Islander,Male,FALSE,79,2.102456738461167e-6,1
Native Hawaiian or Other Pacific Islander,Male,FALSE,80,1.3942630272933782e-5,3
Native Hawaiian or Other Pacific Islander,Male,FALSE,85,1.8930672178814355e-6,1
Native Hawaiian or Other Pacific Islander,Male,TRUE,18,4.301066074531749e-6,1
Native Hawaiian or Other Pacific Islander,Male,TRUE,19,1.6680964826528292e-5,1
Native Hawaiian or Other Pacific Islander,Male,TRUE,20,4.110267864021623e-5,3
Native Hawaiian or Other Pacific Islander,Male,TRUE,21,1.6997160435588747e-6,1
Native Hawaiian or Other Pacific Islander,Male,TRUE,22,2.775648889620854e-5,1
Native Hawaiian or Other Pacific Islander,Male,TRUE,24,3.5742655573076344e-6,1
Native Hawaiian or Other Pacific Islander,Male,TRUE,25,6.3081837546864e-6,1
Native Hawaiian or Other Pacific Islander,Male,TRUE,26,1.3125991772689428e-5,1
Native Hawaiian or Other Pacific Islander,Male,TRUE,27,4.482555071018693e-5,3
Native Hawaiian or Other Pacific Islander,Male,TRUE,28,1.33650173678748e-5,1
Native Hawaiian or Other Pacific Islander,Male,TRUE,29,9.99983141141246e-6,2
Native Hawaiian or Other Pacific Islander,Male,TRUE,30,3.503049876330443e-5,3
Native Hawaiian or Other Pacific Islander,Male,TRUE,31,1.058027233404819e-5,1
Native Hawaiian or Other Pacific Islander,Male,TRUE,32,1.556513756265077e-5,1
Native Hawaiian or Other Pacific Islander,Male,TRUE,35,2.1128506715548842e-5,1
Native Hawaiian or Other Pacific Islander,Male,TRUE,36,1.2019035961210195e-5,1
Native Hawaiian or Other Pacific Islander,Male,TRUE,42,9.534796849888112e-6,2
Native Hawaiian or Other Pacific Islander,Male,TRUE,43,8.435976431437881e-6,1
Native Hawaiian or Other Pacific Islander,Male,TRUE,44,2.8173602118795398e-5,1
Native Hawaiian or Other Pacific Islander,Male,TRUE,46,1.5393713209539704e-6,1
Native Hawaiian or Other Pacific Islander,Male,TRUE,47,1.2283358754719077e-5,1
Native Hawaiian or Other Pacific Islander,Male,TRUE,51,8.467200844682518e-6,1
Native Hawaiian or Other Pacific Islander,Male,TRUE,52,1.0355038167045311e-5,1
Native Hawaiian or Other Pacific Islander,Male,TRUE,58,1.0160292353917778e-5,2
Native Hawaiian or Other Pacific Islander,Male,TRUE,60,4.108179779810846e-6,1
Native Hawaiian or Other Pacific Islander,Male,TRUE,63,1.3884791502494276e-6,1
Native Hawaiian or Other Pacific Islander,Male,TRUE,65,1.0158897715112808e-5,1
Native Hawaiian or Other Pacific Islander,Male,TRUE,73,7.074150378350128e-6,1
Native Hawaiian or Other Pacific Islander,Male,TRUE,85,1.1952209518471983e-5,1
Other,Female,FALSE,18,3.474071218961479e-4,36
Other,Female,FALSE,19,1.90861666575753e-4,25
Other,Female,FALSE,20,1.5424073721524595e-4,12
Other,Female,FALSE,21,3.307927898125237e-4,24
Other,Female,FALSE,22,1.8018256858638588e-4,25
Other,Female,FALSE,23,2.895931062954283e-4,23
Other,Female,FALSE,24,1.8121611216077009e-4,16
Other,Female,FALSE,25,1.794406982220747e-4,17
Other,Female,FALSE,26,1.741160447446276e-4,17
Other,Female,FALSE,27,2.600634891185659e-4,21
Other,Female,FALSE,28,1.423072391007407e-4,12
Other,Female,FALSE,29,1.567904856104349e-4,18
Other,Female,FALSE,30,1.1027873910510393e-4,11
Other,Female,FALSE,31,3.487216464497669e-4,30
Other,Female,FALSE,32,2.0368498298779686e-4,17
Other,Female,FALSE,33,2.259684830736628e-4,21
Other,Female,FALSE,34,1.561901710848283e-4,12
Other,Female,FALSE,35,2.0646930188198862e-4,22
Other,Female,FALSE,36,1.6677238041721675e-4,20
Other,Female,FALSE,37,9.28405628874098e-5,12
Other,Female,FALSE,38,9.04507718151577e-5,11
Other,Female,FALSE,39,1.3931872184152103e-4,15
Other,Female,FALSE,40,1.5018675464899497e-4,21
Other,Female,FALSE,41,1.2773070675098057e-4,16
Other,Female,FALSE,42,1.0437620154283019e-4,15
Other,Female,FALSE,43,1.0983539892499026e-4,15
Other,Female,FALSE,44,1.3191458442592794e-4,15
Other,Female,FALSE,45,8.638016980314749e-5,10
Other,Female,FALSE,46,1.7851237239753222e-4,19
Other,Female,FALSE,47,1.0225662173904132e-4,13
Other,Female,FALSE,48,7.58616489761861e-5,15
Other,Female,FALSE,49,1.0148728473826558e-4,14
Other,Female,FALSE,50,8.575610767788963e-5,15
Other,Female,FALSE,51,5.479067111134233e-5,9
Other,Female,FALSE,52,1.558843190469047e-4,20
Other,Female,FALSE,53,6.321564539220765e-5,9
Other,Female,FALSE,54,9.604947181778173e-5,13
Other,Female,FALSE,55,8.83675688401985e-5,12
Other,Female,FALSE,56,8.96956136422325e-5,15
Other,Female,FALSE,57,7.650930374122809e-5,9
Other,Female,FALSE,58,8.825793473414103e-5,14
Other,Female,FALSE,59,7.530638903197347e-5,12
Other,Female,FALSE,60,8.827660739814093e-5,13
Other,Female,FALSE,61,2.2435244535840224e-5,4
Other,Female,FALSE,62,7.984051474680266e-5,12
Other,Female,FALSE,63,4.916760366959812e-5,14
Other,Female,FALSE,64,8.289268177148252e-5,13
Other,Female,FALSE,65,4.7816353627448055e-5,10
Other,Female,FALSE,66,8.53637880340578e-5,13
Other,Female,FALSE,67,6.721934348154606e-5,11
Other,Female,FALSE,68,6.740502414244127e-5,13
Other,Female,FALSE,69,5.159183457233962e-5,11
Other,Female,FALSE,70,6.337447925610716e-5,11
Other,Female,FALSE,71,1.0045842869986474e-4,15
Other,Female,FALSE,72,5.388008819159641e-5,9
Other,Female,FALSE,73,9.286651866516899e-5,11
Other,Female,FALSE,74,4.1620554516462266e-5,5
Other,Female,FALSE,75,4.4373881437210225e-5,9
Other,Female,FALSE,76,1.9106474148174356e-5,7
Other,Female,FALSE,77,2.7303541204327277e-6,2
Other,Female,FALSE,78,9.37511070671889e-6,3
Other,Female,FALSE,79,1.7124537446442802e-5,4
Other,Female,FALSE,80,1.1681544992397164e-4,22
Other,Female,FALSE,85,9.248504621204251e-5,14
Other,Female,TRUE,18,6.813833297408859e-5,9
Other,Female,TRUE,19,5.913121321204813e-5,6
Other,Female,TRUE,20,1.0979503187957971e-4,10
Other,Female,TRUE,21,7.779539315921253e-5,6
Other,Female,TRUE,22,6.085405701578944e-5,4
Other,Female,TRUE,23,1.1206794447198181e-4,8
Other,Female,TRUE,24,7.0621913505975e-5,5
Other,Female,TRUE,25,5.2415562486509246e-5,5
Other,Female,TRUE,26,2.9059197759952227e-5,2
Other,Female,TRUE,27,3.558998136389878e-5,6
Other,Female,TRUE,28,3.5526796478040224e-5,4
Other,Female,TRUE,29,1.1289895549991072e-4,9
Other,Female,TRUE,30,2.2309339643724752e-5,3
Other,Female,TRUE,31,4.372490951329686e-5,5
Other,Female,TRUE,32,4.29024987579986e-5,8
Other,Female,TRUE,33,5.180308361132598e-5,6
Other,Female,TRUE,34,1.6299104973733767e-5,2
Other,Female,TRUE,35,2.7315899253737997e-5,3
Other,Female,TRUE,36,5.738357582955175e-5,6
Other,Female,TRUE,37,3.349825559624254e-5,4
Other,Female,TRUE,38,4.05849189838706e-5,5
Other,Female,TRUE,39,5.258857517825931e-5,5
Other,Female,TRUE,40,2.354367246605804e-5,3
Other,Female,TRUE,41,5.643045642625422e-5,6
Other,Female,TRUE,42,4.6158902887673176e-5,6
Other,Female,TRUE,43,4.5288454573537006e-5,5
Other,Female,TRUE,44,3.6298767796558696e-5,8
Other,Female,TRUE,45,4.535535849620883e-5,4
Other,Female,TRUE,46,8.213628391961957e-5,8
Other,Female,TRUE,47,5.2893419977045975e-5,4
Other,Female,TRUE,48,2.9943321282370474e-5,3
Other,Female,TRUE,49,1.4510403226424354e-5,2
Other,Female,TRUE,50,9.271984915084616e-6,2
Other,Female,TRUE,52,8.292882616051137e-5,8
Other,Female,TRUE,53,1.305261827556121e-5,2
Other,Female,TRUE,54,1.3549613309699485e-5,2
Other,Female,TRUE,55,3.266166601309373e-6,1
Other,Female,TRUE,56,4.247264008633298e-5,3
Other,Female,TRUE,57,3.997236262875373e-5,4
Other,Female,TRUE,59,1.4734436454456286e-5,2
Other,Female,TRUE,60,5.32859333207118e-5,5
Other,Female,TRUE,61,2.3518956367236602e-5,4
Other,Female,TRUE,62,2.0084270910326513e-5,2
Other,Female,TRUE,63,8.617047036283331e-6,3
Other,Female,TRUE,64,5.3283725142603934e-5,6
Other,Female,TRUE,65,4.559488771096267e-5,6
Other,Female,TRUE,67,1.8479274085605283e-5,2
Other,Female,TRUE,68,2.245186398159947e-5,4
Other,Female,TRUE,69,4.120390617347707e-5,4
Other,Female,TRUE,70,3.543126371989968e-5,3
Other,Female,TRUE,71,3.9439145725653e-5,4
Other,Female,TRUE,72,4.458261237835427e-5,4
Other,Female,TRUE,73,2.1777672339296214e-6,1
Other,Female,TRUE,74,2.0830208971152186e-5,2
Other,Female,TRUE,75,2.1362379895149182e-5,3
Other,Female,TRUE,76,1.7553737538672746e-5,2
Other,Female,TRUE,77,2.0676333823003674e-5,2
Other,Female,TRUE,79,1.2641199828094653e-5,1
Other,Female,TRUE,80,1.8016835101856853e-5,3
Other,Female,TRUE,85,3.157055484803764e-5,3
Other,Male,FALSE,18,2.7666480457334364e-4,38
Other,Male,FALSE,19,3.4761461315835406e-4,40
Other,Male,FALSE,20,2.8527511085540286e-4,28
Other,Male,FALSE,21,2.2852911739952388e-4,24
Other,Male,FALSE,22,2.9888608827252123e-4,32
Other,Male,FALSE,23,3.143297760392389e-4,24
Other,Male,FALSE,24,1.6597181900319637e-4,18
Other,Male,FALSE,25,1.6771318051107034e-4,20
Other,Male,FALSE,26,3.3676738371305425e-4,29
Other,Male,FALSE,27,1.429829028617825e-4,21
Other,Male,FALSE,28,1.7552455245771505e-4,20
Other,Male,FALSE,29,2.155845061514144e-4,23
Other,Male,FALSE,30,2.0694936755063319e-4,25
Other,Male,FALSE,31,1.8650853398583566e-4,22
Other,Male,FALSE,32,1.888140268903206e-4,25
Other,Male,FALSE,33,1.9748705317863678e-4,21
Other,Male,FALSE,34,1.480926657433636e-4,15
Other,Male,FALSE,35,1.066289693524938e-4,16
Other,Male,FALSE,36,1.4259759515194235e-4,17
Other,Male,FALSE,37,1.376566610456964e-4,17
Other,Male,FALSE,38,1.6566499846610268e-4,21
Other,Male,FALSE,39,1.3666879189217494e-4,22
Other,Male,FALSE,40,1.0482380311929238e-4,19
Other,Male,FALSE,41,1.6207384228326816e-4,19
Other,Male,FALSE,42,7.784284961854836e-5,14
Other,Male,FALSE,43,1.250813966411034e-4,14
Other,Male,FALSE,44,7.056341615609981e-5,10
Other,Male,FALSE,45,1.2271632166767279e-4,15
Other,Male,FALSE,46,4.972941066820075e-5,11
Other,Male,FALSE,47,1.2272186148292588e-4,17
Other,Male,FALSE,48,9.815227721594416e-5,15
Other,Male,FALSE,49,7.900125210594431e-5,11
Other,Male,FALSE,50,5.559254968423406e-5,9
Other,Male,FALSE,51,1.279369195942823e-4,15
Other,Male,FALSE,52,5.327558974957493e-5,10
Other,Male,FALSE,53,1.1388597237416242e-4,13
Other,Male,FALSE,54,1.0876605962127848e-4,15
Other,Male,FALSE,55,1.508078337968089e-4,16
Other,Male,FALSE,56,7.222648419106136e-5,9
Other,Male,FALSE,57,9.446260529752515e-5,14
Other,Male,FALSE,58,5.504027271746539e-5,8
Other,Male,FALSE,59,3.54671756691277e-5,9
Other,Male,FALSE,60,1.1342539290882061e-4,13
Other,Male,FALSE,61,3.445780583402966e-5,9
Other,Male,FALSE,62,4.920762205530743e-5,11
Other,Male,FALSE,63,4.699611231029085e-5,9
Other,Male,FALSE,64,7.106560234578992e-5,10
Other,Male,FALSE,65,3.609061795491671e-5,9
Other,Male,FALSE,66,6.26090937319455e-5,14
Other,Male,FALSE,67,1.0289331309347757e-4,15
Other,Male,FALSE,68,7.518749607384965e-5,17
Other,Male,FALSE,69,4.1137312170539685e-5,10
Other,Male,FALSE,70,3.085212216364336e-5,7
Other,Male,FALSE,71,6.260564587489988e-5,13
Other,Male,FALSE,72,1.3477092091840972e-5,4
Other,Male,FALSE,73,4.793958546185401e-5,6
Other,Male,FALSE,74,5.988346588746296e-6,3
Other,Male,FALSE,75,2.399270742129202e-5,5
Other,Male,FALSE,76,4.502262092132274e-5,8
Other,Male,FALSE,77,3.5962659844560575e-5,6
Other,Male,FALSE,78,5.195083784471934e-5,8
Other,Male,FALSE,79,1.1870506928480744e-5,3
Other,Male,FALSE,80,6.011958598513798e-5,13
Other,Male,FALSE,85,2.6479890770091266e-5,5
Other,Male,TRUE,18,5.1185336100657266e-5,5
Other,Male,TRUE,19,1.0698599688656651e-4,10
Other,Male,TRUE,20,5.482669928047075e-5,6
Other,Male,TRUE,21,6.479019260302035e-5,6
Other,Male,TRUE,22,3.285048461130013e-5,2
Other,Male,TRUE,23,1.2427940184831123e-4,11
Other,Male,TRUE,24,9.333906878025345e-5,5
Other,Male,TRUE,25,7.227456048986609e-5,7
Other,Male,TRUE,26,3.997689520486989e-5,4
Other,Male,TRUE,27,6.060770956687796e-5,5
Other,Male,TRUE,28,3.772362377563779e-5,6
Other,Male,TRUE,29,4.148868366945887e-5,6
Other,Male,TRUE,30,3.5864608988577734e-5,4
Other,Male,TRUE,31,3.317748867109912e-5,7
Other,Male,TRUE,32,5.086112131846822e-5,6
Other,Male,TRUE,33,5.716837531395131e-5,6
Other,Male,TRUE,34,4.510564067018534e-5,5
Other,Male,TRUE,35,1.4069038784617718e-5,2
Other,Male,TRUE,36,1.9337790489965584e-5,4
Other,Male,TRUE,37,6.25162340315145e-5,7
Other,Male,TRUE,38,7.20331717567056e-5,6
Other,Male,TRUE,39,8.719599476408895e-5,8
Other,Male,TRUE,40,3.466014468065092e-5,5
Other,Male,TRUE,41,1.807750188987311e-5,5
Other,Male,TRUE,42,5.0096665553509877e-5,4
Other,Male,TRUE,43,5.722687266382649e-5,3
Other,Male,TRUE,44,1.913355338497088e-5,2
Other,Male,TRUE,45,5.853512134282327e-5,5
Other,Male,TRUE,46,5.5192559526974906e-5,3
Other,Male,TRUE,47,5.565248041288102e-5,6
Other,Male,TRUE,48,5.590398027737754e-5,6
Other,Male,TRUE,49,3.570538772501016e-5,5
Other,Male,TRUE,50,2.7109608930502648e-5,2
Other,Male,TRUE,51,7.335970570003424e-5,6
Other,Male,TRUE,53,2.6545128874190478e-5,3
Other,Male,TRUE,54,3.74959102507594e-5,4
Other,Male,TRUE,55,5.052350250776474e-6,3
Other,Male,TRUE,56,2.8035610357036842e-5,4
Other,Male,TRUE,57,5.518581877275088e-5,4
Other,Male,TRUE,58,5.878623380765172e-5,5
Other,Male,TRUE,59,7.310836079540495e-5,5
Other,Male,TRUE,60,4.1357200222123505e-5,4
Other,Male,TRUE,61,1.817295716808004e-5,2
Other,Male,TRUE,62,9.44216958925793e-6,1
Other,Male,TRUE,63,3.445552017598817e-5,4
Other,Male,TRUE,64,1.1684671307718307e-5,2
Other,Male,TRUE,65,1.927266860576678e-5,2
Other,Male,TRUE,66,4.7724423686220364e-5,3
Other,Male,TRUE,68,1.481877336219025e-5,2
Other,Male,TRUE,69,1.609529400837392e-6,1
Other,Male,TRUE,71,2.2426024423740694e-5,3
Other,Male,TRUE,72,4.48204370345687e-5,4
Other,Male,TRUE,73,1.1552025661378806e-5,2
Other,Male,TRUE,74,1.6396535990247737e-5,2
Other,Male,TRUE,75,1.8187135995930582e-5,2
Other,Male,TRUE,76,9.440774950452958e-6,1
Other,Male,TRUE,78,7.205595085718681e-6,1
Other,Male,TRUE,80,1.0180785796357497e-5,2
Other,Male,TRUE,85,3.5582620770205875e-5,3
White,Female,FALSE,18,0.0039438355817729845,514
White,Female,FALSE,19,0.0037228104734234766,384
White,Female,FALSE,20,0.0041971801660088005,362
White,Female,FALSE,21,0.003837974748482293,334
White,Female,FALSE,22,0.004645721302885922,384
White,Female,FALSE,23,0.004907929436566801,393
White,Female,FALSE,24,0.004341680784550089,353
White,Female,FALSE,25,0.0042087664378008295,381
White,Female,FALSE,26,0.0043428054445264035,405
White,Female,FALSE,27,0.0045251087938555454,415
White,Female,FALSE,28,0.004430987797585304,453
White,Female,FALSE,29,0.00436544814158448,456
White,Female,FALSE,30,0.0045285191118733395,496
White,Female,FALSE,31,0.004570212613747294,545
White,Female,FALSE,32,0.004842990986110816,572
White,Female,FALSE,33,0.004971545227076134,588
White,Female,FALSE,34,0.004965772545882595,579
White,Female,FALSE,35,0.005049957902866411,612
White,Female,FALSE,36,0.004582188377165583,585
White,Female,FALSE,37,0.00513213928010739,640
White,Female,FALSE,38,0.004740085198748028,626
White,Female,FALSE,39,0.004177410153709198,544
White,Female,FALSE,40,0.00456177745085516,626
White,Female,FALSE,41,0.004764039476122243,614
White,Female,FALSE,42,0.004736523523679925,617
White,Female,FALSE,43,0.004610008787007017,590
White,Female,FALSE,44,0.004449128329401173,570
White,Female,FALSE,45,0.004049198761450102,535
White,Female,FALSE,46,0.0040594003893485945,505
White,Female,FALSE,47,0.004441501514656386,534
White,Female,FALSE,48,0.004301155098975465,494
White,Female,FALSE,49,0.004310150596747471,505
White,Female,FALSE,50,0.0041164700552271324,488
White,Female,FALSE,51,0.004905339902225693,540
White,Female,FALSE,52,0.005529796245385794,589
White,Female,FALSE,53,0.0047775387274751,523
White,Female,FALSE,54,0.004615497542983851,506
White,Female,FALSE,55,0.004457837771258281,454
White,Female,FALSE,56,0.004678401099203478,471
White,Female,FALSE,57,0.005284662480894347,500
White,Female,FALSE,58,0.005600683527664376,541
White,Female,FALSE,59,0.005834818628180284,568
White,Female,FALSE,60,0.005892062004069975,566
White,Female,FALSE,61,0.005389753357344794,508
White,Female,FALSE,62,0.005693693113026962,538
White,Female,FALSE,63,0.0053851386912389795,563
White,Female,FALSE,64,0.005959979480493316,592
White,Female,FALSE,65,0.006137371299351023,635
White,Female,FALSE,66,0.005254795826006289,517
White,Female,FALSE,67,0.005168994702486973,517
White,Female,FALSE,68,0.005252923368450748,530
White,Female,FALSE,69,0.005038612206268238,517
White,Female,FALSE,70,0.0049570940572589515,519
White,Female,FALSE,71,0.004681285212252163,509
White,Female,FALSE,72,0.004686111049917038,490
White,Female,FALSE,73,0.004464862799358726,472
White,Female,FALSE,74,0.004490608025398337,463
White,Female,FALSE,75,0.004360970072601619,450
White,Female,FALSE,76,0.004132637328093831,431
White,Female,FALSE,77,0.0029848404489702133,318
White,Female,FALSE,78,0.002920937750266722,306
White,Female,FALSE,79,0.0027415950641606645,294
White,Female,FALSE,80,0.011496006933319754,1176
White,Female,FALSE,85,0.011086721314725637,1074
White,Female,TRUE,18,0.0018434315191929358,228
White,Female,TRUE,19,0.001519920332281001,186
White,Female,TRUE,20,0.0019168672714478079,204
White,Female,TRUE,21,0.0017869658868768221,187
White,Female,TRUE,22,0.0016916325620853934,185
White,Female,TRUE,23,0.0019474688622461243,203
White,Female,TRUE,24,0.0017911000224343934,188
White,Female,TRUE,25,0.0015158044045078289,193
White,Female,TRUE,26,0.0017104953618423666,208
White,Female,TRUE,27,0.0017690349382813717,223
White,Female,TRUE,28,0.0015026947997410982,193
White,Female,TRUE,29,0.0016058624305395203,211
White,Female,TRUE,30,0.0015958342802123735,200
White,Female,TRUE,31,0.001675375489975642,215
White,Female,TRUE,32,0.0013841800211732364,184
White,Female,TRUE,33,0.0017461439180360737,216
White,Female,TRUE,34,0.001447843074442073,193
White,Female,TRUE,35,0.001309347538155185,183
White,Female,TRUE,36,0.0015393129010840287,216
White,Female,TRUE,37,0.0013861179492726766,198
White,Female,TRUE,38,0.0014893457432395472,200
White,Female,TRUE,39,0.0015100951018999769,209
White,Female,TRUE,40,0.0016015020148358434,215
White,Female,TRUE,41,0.0015297819394908538,218
White,Female,TRUE,42,0.001315585098950386,188
White,Female,TRUE,43,0.0015777673930734057,205
White,Female,TRUE,44,0.0012625929695379216,177
White,Female,TRUE,45,0.0014885615688314854,189
White,Female,TRUE,46,0.0014481553185745186,187
White,Female,TRUE,47,0.0014680915253317164,190
White,Female,TRUE,48,0.0014058315561806163,174
White,Female,TRUE,49,0.0010876745038608672,148
White,Female,TRUE,50,0.0012893348199635474,175
White,Female,TRUE,51,0.0012286284009612506,168
White,Female,TRUE,52,0.0015331490624456562,209
White,Female,TRUE,53,0.0012257667570933157,169
White,Female,TRUE,54,9.756432461374497e-4,135
White,Female,TRUE,55,0.0010047676045215673,138
White,Female,TRUE,56,0.0010284567068230108,142
White,Female,TRUE,57,0.0010247743954982845,134
White,Female,TRUE,58,9.886991960501564e-4,132
White,Female,TRUE,59,0.0012195622027498325,164
White,Female,TRUE,60,0.0010936839637315223,152
White,Female,TRUE,61,9.247206057516955e-4,135
White,Female,TRUE,62,0.0010079139096655831,138
White,Female,TRUE,63,7.940936990823909e-4,116
White,Female,TRUE,64,8.781084065124395e-4,124
White,Female,TRUE,65,8.207461376646308e-4,123
White,Female,TRUE,66,7.39391742495032e-4,107
White,Female,TRUE,67,8.268661226605792e-4,110
White,Female,TRUE,68,6.713494846386189e-4,92
White,Female,TRUE,69,6.88210241651088e-4,93
White,Female,TRUE,70,5.99280052272984e-4,81
White,Female,TRUE,71,6.090624362507214e-4,80
White,Female,TRUE,72,4.4904514384525084e-4,64
White,Female,TRUE,73,4.6830894099861916e-4,65
White,Female,TRUE,74,3.7771928640246635e-4,55
White,Female,TRUE,75,4.59650597157722e-4,60
White,Female,TRUE,76,4.6357580807431404e-4,62
White,Female,TRUE,77,3.5690864111455046e-4,49
White,Female,TRUE,78,3.076207885879907e-4,38
White,Female,TRUE,79,3.220431746098345e-4,45
White,Female,TRUE,80,0.0012159985132034635,171
White,Female,TRUE,85,9.910746533346904e-4,133
White,Male,FALSE,18,0.004412226419061429,574
White,Male,FALSE,19,0.0036976836147340096,386
White,Male,FALSE,20,0.004573510508381414,410
White,Male,FALSE,21,0.00431704088724336,353
White,Male,FALSE,22,0.004118809484342535,375
White,Male,FALSE,23,0.004919676556701007,386
White,Male,FALSE,24,0.004958998165367375,393
White,Male,FALSE,25,0.004463746817134983,370
White,Male,FALSE,26,0.004453201178331254,378
White,Male,FALSE,27,0.004481257630790432,405
White,Male,FALSE,28,0.004865674166434204,434
White,Male,FALSE,29,0.004418134109039285,425
White,Male,FALSE,30,0.00489506226651234,446
White,Male,FALSE,31,0.00462235385852886,489
White,Male,FALSE,32,0.00484717408898643,491
White,Male,FALSE,33,0.0054482796459751825,557
White,Male,FALSE,34,0.0047362550169700104,524
White,Male,FALSE,35,0.0048025313521795916,553
White,Male,FALSE,36,0.00471596720627409,548
White,Male,FALSE,37,0.005071064250320949,583
White,Male,FALSE,38,0.004723291500618095,579
White,Male,FALSE,39,0.00473935274219565,528
White,Male,FALSE,40,0.004928084446656517,595
White,Male,FALSE,41,0.004705889197609659,574
White,Male,FALSE,42,0.0048397173039559475,564
White,Male,FALSE,43,0.004402238984439396,543
White,Male,FALSE,44,0.004823459030907228,562
White,Male,FALSE,45,0.004305568355993863,546
White,Male,FALSE,46,0.004414654911360515,536
White,Male,FALSE,47,0.004390695752750481,514
White,Male,FALSE,48,0.004387101807290035,505
White,Male,FALSE,49,0.0042939310636655546,481
White,Male,FALSE,50,0.0044812408951247756,511
White,Male,FALSE,51,0.004772452092353703,516
White,Male,FALSE,52,0.0051932941142254505,548
White,Male,FALSE,53,0.005249376763229732,550
White,Male,FALSE,54,0.004776608580872123,478
White,Male,FALSE,55,0.004555402518137669,450
White,Male,FALSE,56,0.005371376899131083,531
White,Male,FALSE,57,0.00499794903255142,508
White,Male,FALSE,58,0.005256193021649069,512
White,Male,FALSE,59,0.005334328125577185,484
White,Male,FALSE,60,0.005449498444070825,518
White,Male,FALSE,61,0.005718794287118435,519
White,Male,FALSE,62,0.005318536320468763,504
White,Male,FALSE,63,0.005244009340828941,506
White,Male,FALSE,64,0.005791887268147027,527
White,Male,FALSE,65,0.005298228868609676,529
White,Male,FALSE,66,0.004911453960006733,491
White,Male,FALSE,67,0.0049069639591140905,493
White,Male,FALSE,68,0.004728140078643482,467
White,Male,FALSE,69,0.004534938130673047,457
White,Male,FALSE,70,0.004581226076390153,475
White,Male,FALSE,71,0.004361908858217202,450
White,Male,FALSE,72,0.004291908372518741,427
White,Male,FALSE,73,0.003935369194467604,383
White,Male,FALSE,74,0.0041747488342096075,422
White,Male,FALSE,75,0.003435853815568947,374
White,Male,FALSE,76,0.003903391869968116,404
White,Male,FALSE,77,0.0024445984790290765,249
White,Male,FALSE,78,0.0022674365431343923,252
White,Male,FALSE,79,0.0027032155340070553,263
White,Male,FALSE,80,0.008911886153923597,916
White,Male,FALSE,85,0.007207056512226429,724
White,Male,TRUE,18,0.0022396496046242767,300
White,Male,TRUE,19,0.0016881821482019619,224
White,Male,TRUE,20,0.0018931166500790778,222
White,Male,TRUE,21,0.00179199131285067,223
White,Male,TRUE,22,0.001634518538944869,191
White,Male,TRUE,23,0.001991480524993709,232
White,Male,TRUE,24,0.0017924096270122273,204
White,Male,TRUE,25,0.0017684715816840978,197
White,Male,TRUE,26,0.0017806956295496384,202
White,Male,TRUE,27,0.0017317172318779134,203
White,Male,TRUE,28,0.0016072194915766908,204
White,Male,TRUE,29,0.001763160603414932,205
White,Male,TRUE,30,0.001830953104705355,231
White,Male,TRUE,31,0.001899098953233003,219
White,Male,TRUE,32,0.001569098318261703,197
White,Male,TRUE,33,0.0012301201221230351,160
White,Male,TRUE,34,0.0015479027139236477,194
White,Male,TRUE,35,0.002150970837630736,216
White,Male,TRUE,36,0.001702742835905296,200
White,Male,TRUE,37,0.0017029583076006657,196
White,Male,TRUE,38,0.0016287804912816493,206
White,Male,TRUE,39,0.0014973491492016424,172
White,Male,TRUE,40,0.0015514512948829637,196
White,Male,TRUE,41,0.0016325796423462577,195
White,Male,TRUE,42,0.0014886198337415594,174
White,Male,TRUE,43,0.0015053357807581127,176
White,Male,TRUE,44,0.0015890624177950009,189
White,Male,TRUE,45,0.0014905941774097983,185
White,Male,TRUE,46,0.0012918199888340726,161
White,Male,TRUE,47,0.0014833904031025182,170
White,Male,TRUE,48,0.0015110556981168682,169
White,Male,TRUE,49,0.001497420663180364,176
White,Male,TRUE,50,0.0012822223557580265,153
White,Male,TRUE,51,0.0012875530914102633,150
White,Male,TRUE,52,0.0013150356112612278,165
White,Male,TRUE,53,0.0014362896928818549,152
White,Male,TRUE,54,0.0010871725113710115,134
White,Male,TRUE,55,0.0011658454809982523,147
White,Male,TRUE,56,0.0013009548342666683,163
White,Male,TRUE,57,0.0010643310395432569,143
White,Male,TRUE,58,9.31710729142046e-4,128
White,Male,TRUE,59,0.0010413931051981575,129
White,Male,TRUE,60,9.146704511234042e-4,118
White,Male,TRUE,61,9.606130687764055e-4,130
White,Male,TRUE,62,9.835638647904838e-4,125
White,Male,TRUE,63,8.440779799922004e-4,108
White,Male,TRUE,64,8.405061937927683e-4,108
White,Male,TRUE,65,7.2079094113356e-4,103
White,Male,TRUE,66,7.28505540643126e-4,98
White,Male,TRUE,67,5.666299307699983e-4,82
White,Male,TRUE,68,5.468372168498442e-4,76
White,Male,TRUE,69,6.410613776516859e-4,89
White,Male,TRUE,70,5.367067930103329e-4,70
White,Male,TRUE,71,4.15220930168313e-4,63
White,Male,TRUE,72,3.6817050442456177e-4,57
White,Male,TRUE,73,3.5140477655066474e-4,49
White,Male,TRUE,74,4.336271406765245e-4,64
White,Male,TRUE,75,3.765450392686473e-4,57
White,Male,TRUE,76,3.6526233385649533e-4,50
White,Male,TRUE,77,3.1448628550513017e-4,42
White,Male,TRUE,78,3.3776730099625195e-4,49
White,Male,TRUE,79,2.0572595939893882e-4,30
White,Male,TRUE,80,7.430456574240896e-4,111
White,Male,TRUE,85,6.05416114355157e-4,88
